doi,title,author,publisher,created,has_replication
http://dx.doi.org/10.1007/s10887-021-09188-9,['Multiple steady statehood: the roles of productive and extractive capacities'],"[{'ORCID': 'http://orcid.org/0000-0002-8857-3262', 'authenticated-orcid': False, 'given': 'Nils-Petter', 'family': 'Lagerlöf', 'sequence': 'first', 'affiliation': []}]",Springer Science and Business Media LLC,"{'date-parts': [[2021, 3, 13]], 'date-time': '2021-03-13T07:08:07Z', 'timestamp': 1615619287000}",True
http://dx.doi.org/10.1007/s10887-012-9085-6,['The long-run determinants of fertility: one century of demographic change 1900–1999'],"[{'given': 'Dierk', 'family': 'Herzer', 'sequence': 'first', 'affiliation': []}, {'given': 'Holger', 'family': 'Strulik', 'sequence': 'additional', 'affiliation': []}, {'given': 'Sebastian', 'family': 'Vollmer', 'sequence': 'additional', 'affiliation': []}]",Springer Science and Business Media LLC,"{'date-parts': [[2012, 10, 9]], 'date-time': '2012-10-09T08:18:34Z', 'timestamp': 1349770714000}",False
http://dx.doi.org/10.1007/s10887-009-9036-z,['Effects of blocking patents on R&D: a quantitative DGE analysis'],"[{'given': 'Angus C.', 'family': 'Chu', 'sequence': 'first', 'affiliation': []}]",Springer Science and Business Media LLC,"{'date-parts': [[2009, 1, 23]], 'date-time': '2009-01-23T13:51:36Z', 'timestamp': 1232718696000}",False
http://dx.doi.org/10.1007/s10887-009-9046-x,['Do all countries follow the same growth process?'],"[{'given': 'Ann L.', 'family': 'Owen', 'sequence': 'first', 'affiliation': []}, {'given': 'Julio', 'family': 'Videras', 'sequence': 'additional', 'affiliation': []}, {'given': 'Lewis', 'family': 'Davis', 'sequence': 'additional', 'affiliation': []}]",Springer Science and Business Media LLC,"{'date-parts': [[2009, 11, 6]], 'date-time': '2009-11-06T10:48:13Z', 'timestamp': 1257504493000}",False
http://dx.doi.org/10.1007/s10887-020-09182-7,"['Nation-building, nationalism, and $$\\hbox {wars}^*$$']","[{'given': 'Alberto', 'family': 'Alesina', 'sequence': 'first', 'affiliation': []}, {'given': 'Bryony', 'family': 'Reich', 'sequence': 'additional', 'affiliation': []}, {'ORCID': 'http://orcid.org/0000-0003-4852-0518', 'authenticated-orcid': False, 'given': 'Alessandro', 'family': 'Riboni', 'sequence': 'additional', 'affiliation': []}]",Springer Science and Business Media LLC,"{'date-parts': [[2020, 9, 23]], 'date-time': '2020-09-23T14:03:57Z', 'timestamp': 1600869837000}",False
http://dx.doi.org/10.1007/s10887-013-9098-9,['The past and future of knowledge-based growth'],"[{'given': 'Holger', 'family': 'Strulik', 'sequence': 'first', 'affiliation': []}, {'given': 'Klaus', 'family': 'Prettner', 'sequence': 'additional', 'affiliation': []}, {'given': 'Alexia', 'family': 'Prskawetz', 'sequence': 'additional', 'affiliation': []}]",Springer Science and Business Media LLC,"{'date-parts': [[2013, 10, 25]], 'date-time': '2013-10-25T11:27:47Z', 'timestamp': 1382700467000}",False
http://dx.doi.org/10.1007/s10887-007-9013-3,['Conditional convergence and the dynamics of the capital-output ratio'],"[{'given': 'Kieran', 'family': 'McQuinn', 'sequence': 'first', 'affiliation': []}, {'given': 'Karl', 'family': 'Whelan', 'sequence': 'additional', 'affiliation': []}]",Springer Science and Business Media LLC,"{'date-parts': [[2007, 4, 23]], 'date-time': '2007-04-23T16:00:50Z', 'timestamp': 1177344050000}",False
http://dx.doi.org/10.1007/s10887-005-1669-y,"['Gradual Product Replacement, Intangible-Asset Prices and Schumpeterian Growth']","[{'given': 'Elias', 'family': 'Dinopoulos', 'sequence': 'first', 'affiliation': []}, {'given': 'Douglas', 'family': 'Waldo', 'sequence': 'additional', 'affiliation': []}]",Springer Science and Business Media LLC,"{'date-parts': [[2005, 7, 4]], 'date-time': '2005-07-04T12:17:09Z', 'timestamp': 1120479429000}",False
http://dx.doi.org/10.1007/s10887-016-9127-6,['Birthplace diversity and economic prosperity'],"[{'given': 'Alberto', 'family': 'Alesina', 'sequence': 'first', 'affiliation': []}, {'given': 'Johann', 'family': 'Harnoss', 'sequence': 'additional', 'affiliation': []}, {'given': 'Hillel', 'family': 'Rapoport', 'sequence': 'additional', 'affiliation': []}]",Springer Science and Business Media LLC,"{'date-parts': [[2016, 2, 17]], 'date-time': '2016-02-17T10:02:19Z', 'timestamp': 1455703339000}",True
http://dx.doi.org/10.1007/s10887-016-9138-3,['Human capital and the quantity–quality trade-off during the demographic transition'],"[{'given': 'Alan', 'family': 'Fernihough', 'sequence': 'first', 'affiliation': []}]",Springer Science and Business Media LLC,"{'date-parts': [[2016, 9, 22]], 'date-time': '2016-09-22T23:05:46Z', 'timestamp': 1474585546000}",True
http://dx.doi.org/10.1007/s10887-011-9077-y,['Evaluating the effects of entry regulations and firing costs on international income differences'],"[{'given': 'Hernan J.', 'family': 'Moscoso Boedo', 'sequence': 'first', 'affiliation': []}, {'given': 'Toshihiko', 'family': 'Mukoyama', 'sequence': 'additional', 'affiliation': []}]",Springer Science and Business Media LLC,"{'date-parts': [[2012, 1, 4]], 'date-time': '2012-01-04T22:33:06Z', 'timestamp': 1325716386000}",False
http://dx.doi.org/10.1007/s10887-019-09171-5,['Agricultural legacy and individualistic culture'],"[{'given': 'James B.', 'family': 'Ang', 'sequence': 'first', 'affiliation': []}]",Springer Science and Business Media LLC,"{'date-parts': [[2019, 8, 2]], 'date-time': '2019-08-02T13:05:49Z', 'timestamp': 1564751149000}",True
http://dx.doi.org/10.1007/s10887-011-9076-z,['Markets and jungles'],"[{'given': 'Thomas', 'family': 'Gall', 'sequence': 'first', 'affiliation': []}, {'given': 'Paolo', 'family': 'Masella', 'sequence': 'additional', 'affiliation': []}]",Springer Science and Business Media LLC,"{'date-parts': [[2011, 11, 14]], 'date-time': '2011-11-14T15:34:11Z', 'timestamp': 1321284851000}",False
http://dx.doi.org/10.1007/s10887-006-9001-z,"['Development, democracy, and mass killings']","[{'given': 'William', 'family': 'Easterly', 'sequence': 'first', 'affiliation': []}, {'given': 'Roberta', 'family': 'Gatti', 'sequence': 'additional', 'affiliation': []}, {'given': 'Sergio', 'family': 'Kurlat', 'sequence': 'additional', 'affiliation': []}]",Springer Science and Business Media LLC,"{'date-parts': [[2006, 7, 26]], 'date-time': '2006-07-26T14:52:49Z', 'timestamp': 1153925569000}",False
http://dx.doi.org/10.1007/s10887-011-9061-6,['Tariffs and economic growth in the first era of globalization'],"[{'given': 'Moritz', 'family': 'Schularick', 'sequence': 'first', 'affiliation': []}, {'given': 'Solomos', 'family': 'Solomou', 'sequence': 'additional', 'affiliation': []}]",Springer Science and Business Media LLC,"{'date-parts': [[2011, 2, 24]], 'date-time': '2011-02-24T05:46:51Z', 'timestamp': 1298526411000}",False
http://dx.doi.org/10.1007/s10887-005-3533-5,"['SMEs, Growth, and Poverty: Cross-Country Evidence']","[{'given': 'Thorsten', 'family': 'Beck', 'sequence': 'first', 'affiliation': []}, {'given': 'Asli', 'family': 'Demirguc-Kunt', 'sequence': 'additional', 'affiliation': []}, {'given': 'Ross', 'family': 'Levine', 'sequence': 'additional', 'affiliation': []}]",Springer Science and Business Media LLC,"{'date-parts': [[2005, 9, 8]], 'date-time': '2005-09-08T12:08:54Z', 'timestamp': 1126181334000}",False
http://dx.doi.org/10.1007/s10887-017-9145-z,['British economic growth since 1270: the role of education'],"[{'given': 'Jakob B.', 'family': 'Madsen', 'sequence': 'first', 'affiliation': []}, {'given': 'Fabrice', 'family': 'Murtin', 'sequence': 'additional', 'affiliation': []}]",Springer Science and Business Media LLC,"{'date-parts': [[2017, 8, 7]], 'date-time': '2017-08-07T10:25:49Z', 'timestamp': 1502101549000}",True
http://dx.doi.org/10.1007/s10887-015-9120-5,"['Democracy, education and the quality of government']","[{'given': 'Piergiuseppe', 'family': 'Fortunato', 'sequence': 'first', 'affiliation': []}, {'given': 'Ugo', 'family': 'Panizza', 'sequence': 'additional', 'affiliation': []}]",Springer Science and Business Media LLC,"{'date-parts': [[2015, 9, 4]], 'date-time': '2015-09-04T13:59:55Z', 'timestamp': 1441375195000}",False
http://dx.doi.org/10.1007/s10887-009-9042-1,['How do epidemics induce behavioral changes?'],"[{'given': 'Raouf', 'family': 'Boucekkine', 'sequence': 'first', 'affiliation': []}, {'given': 'Rodolphe', 'family': 'Desbordes', 'sequence': 'additional', 'affiliation': []}, {'given': 'Hélène', 'family': 'Latzer', 'sequence': 'additional', 'affiliation': []}]",Springer Science and Business Media LLC,"{'date-parts': [[2009, 6, 10]], 'date-time': '2009-06-10T11:29:04Z', 'timestamp': 1244633344000}",False
http://dx.doi.org/10.1007/s10887-009-9041-2,['Reconciling Kuznets and Habbakuk in a unified growth theory'],"[{'given': 'Alex', 'family': 'Mourmouras', 'sequence': 'first', 'affiliation': []}, {'given': 'Peter', 'family': 'Rangazas', 'sequence': 'additional', 'affiliation': []}]",Springer Science and Business Media LLC,"{'date-parts': [[2009, 5, 15]], 'date-time': '2009-05-15T15:55:18Z', 'timestamp': 1242402918000}",False
http://dx.doi.org/10.1007/s10887-006-9004-9,['Scale effects in endogenous growth theory: an error of aggregation not specification'],"[{'given': 'Christopher A.', 'family': 'Laincz', 'sequence': 'first', 'affiliation': []}, {'given': 'Pietro F.', 'family': 'Peretto', 'sequence': 'additional', 'affiliation': []}]",Springer Science and Business Media LLC,"{'date-parts': [[2006, 10, 27]], 'date-time': '2006-10-27T13:51:23Z', 'timestamp': 1161957083000}",False
http://dx.doi.org/10.1007/s10887-007-9015-1,['Why does democracy need education?'],"[{'given': 'Edward L.', 'family': 'Glaeser', 'sequence': 'first', 'affiliation': []}, {'given': 'Giacomo A. M.', 'family': 'Ponzetto', 'sequence': 'additional', 'affiliation': []}, {'given': 'Andrei', 'family': 'Shleifer', 'sequence': 'additional', 'affiliation': []}]",Springer Science and Business Media LLC,"{'date-parts': [[2007, 5, 30]], 'date-time': '2007-05-30T14:14:46Z', 'timestamp': 1180534486000}",False
http://dx.doi.org/10.1007/s10887-006-7404-5,"['Rich Nations, Poor Nations: How Much Can Multiple Equilibria Explain?']","[{'given': 'Bryan S.', 'family': 'Graham', 'sequence': 'first', 'affiliation': []}, {'given': 'Jonathan R. W.', 'family': 'Temple', 'sequence': 'additional', 'affiliation': []}]",Springer Science and Business Media LLC,"{'date-parts': [[2006, 3, 27]], 'date-time': '2006-03-27T11:27:05Z', 'timestamp': 1143458825000}",False
http://dx.doi.org/10.1007/s10887-019-09163-5,['The rise and fall of family firms in the process of development'],"[{'given': 'Maria Rosaria', 'family': 'Carillo', 'sequence': 'first', 'affiliation': []}, {'ORCID': 'http://orcid.org/0000-0003-1108-3721', 'authenticated-orcid': False, 'given': 'Vincenzo', 'family': 'Lombardo', 'sequence': 'additional', 'affiliation': []}, {'given': 'Alberto', 'family': 'Zazzaro', 'sequence': 'additional', 'affiliation': []}]",Springer Science and Business Media LLC,"{'date-parts': [[2019, 2, 13]], 'date-time': '2019-02-13T13:05:45Z', 'timestamp': 1550063145000}",True
http://dx.doi.org/10.1007/s10887-006-9000-0,['Institution building and growth in transition economies'],"[{'given': 'Thorsten', 'family': 'Beck', 'sequence': 'first', 'affiliation': []}, {'given': 'Luc', 'family': 'Laeven', 'sequence': 'additional', 'affiliation': []}]",Springer Science and Business Media LLC,"{'date-parts': [[2006, 7, 19]], 'date-time': '2006-07-19T19:42:21Z', 'timestamp': 1153338141000}",False
http://dx.doi.org/10.1007/s10887-020-09176-5,['Losing your dictator: firms during political transition'],"[{'ORCID': 'http://orcid.org/0000-0002-2262-2690', 'authenticated-orcid': False, 'given': 'Felipe', 'family': 'González', 'sequence': 'first', 'affiliation': []}, {'given': 'Mounu', 'family': 'Prem', 'sequence': 'additional', 'affiliation': []}]",Springer Science and Business Media LLC,"{'date-parts': [[2020, 4, 29]], 'date-time': '2020-04-29T12:02:39Z', 'timestamp': 1588161759000}",True
http://dx.doi.org/10.1007/s10887-016-9125-8,['Of maize and men: the effect of a New World crop on population and economic growth in China'],"[{'given': 'Shuo', 'family': 'Chen', 'sequence': 'first', 'affiliation': []}, {'given': 'James Kai-sing', 'family': 'Kung', 'sequence': 'additional', 'affiliation': []}]",Springer Science and Business Media LLC,"{'date-parts': [[2016, 1, 27]], 'date-time': '2016-01-27T08:59:34Z', 'timestamp': 1453885174000}",True
http://dx.doi.org/10.1007/s10887-019-09169-z,['Inequality and growth: industry-level evidence'],"[{'given': 'Lisardo', 'family': 'Erman', 'sequence': 'first', 'affiliation': []}, {'ORCID': 'http://orcid.org/0000-0001-9879-554X', 'authenticated-orcid': False, 'given': 'Daniel Marcel', 'family': 'te Kaat', 'sequence': 'additional', 'affiliation': []}]",Springer Science and Business Media LLC,"{'date-parts': [[2019, 6, 7]], 'date-time': '2019-06-07T12:02:37Z', 'timestamp': 1559908957000}",True
http://dx.doi.org/10.1007/s10887-015-9119-y,['Modern gender roles and agricultural history: the Neolithic inheritance'],"[{'given': 'Casper Worm', 'family': 'Hansen', 'sequence': 'first', 'affiliation': []}, {'given': 'Peter Sandholt', 'family': 'Jensen', 'sequence': 'additional', 'affiliation': []}, {'given': 'Christian Volmar', 'family': 'Skovsgaard', 'sequence': 'additional', 'affiliation': []}]",Springer Science and Business Media LLC,"{'date-parts': [[2015, 8, 26]], 'date-time': '2015-08-26T10:28:20Z', 'timestamp': 1440584900000}",True
http://dx.doi.org/10.1007/s10887-015-9124-1,['50 is the new 30—long-run trends of schooling and retirement explained by human aging'],"[{'given': 'Holger', 'family': 'Strulik', 'sequence': 'first', 'affiliation': []}, {'given': 'Katharina', 'family': 'Werner', 'sequence': 'additional', 'affiliation': []}]",Springer Science and Business Media LLC,"{'date-parts': [[2016, 1, 5]], 'date-time': '2016-01-05T14:23:35Z', 'timestamp': 1452003815000}",True
http://dx.doi.org/10.1007/s10887-005-1670-5,"['Mortality, Human Capital and Persistent Inequality']","[{'given': 'Shankha', 'family': 'Chakraborty', 'sequence': 'first', 'affiliation': []}, {'given': 'Mausumi', 'family': 'Das', 'sequence': 'additional', 'affiliation': []}]",Springer Science and Business Media LLC,"{'date-parts': [[2005, 7, 4]], 'date-time': '2005-07-04T16:17:09Z', 'timestamp': 1120493829000}",False
http://dx.doi.org/10.1007/s10887-015-9112-5,['The physiological foundations of the wealth of nations'],"[{'given': 'Carl-Johan', 'family': 'Dalgaard', 'sequence': 'first', 'affiliation': []}, {'given': 'Holger', 'family': 'Strulik', 'sequence': 'additional', 'affiliation': []}]",Springer Science and Business Media LLC,"{'date-parts': [[2015, 2, 19]], 'date-time': '2015-02-19T11:20:36Z', 'timestamp': 1424344836000}",True
http://dx.doi.org/10.1007/s10887-009-9038-x,['Climate reversals and the transition to agriculture'],"[{'given': 'Gregory K.', 'family': 'Dow', 'sequence': 'first', 'affiliation': []}, {'given': 'Clyde G.', 'family': 'Reed', 'sequence': 'additional', 'affiliation': []}, {'given': 'Nancy', 'family': 'Olewiler', 'sequence': 'additional', 'affiliation': []}]",Springer Science and Business Media LLC,"{'date-parts': [[2009, 2, 27]], 'date-time': '2009-02-27T12:48:42Z', 'timestamp': 1235738922000}",False
http://dx.doi.org/10.1007/s10887-013-9091-3,['Legacies of violence: trust and market development'],"[{'given': 'Alessandra', 'family': 'Cassar', 'sequence': 'first', 'affiliation': []}, {'given': 'Pauline', 'family': 'Grosjean', 'sequence': 'additional', 'affiliation': []}, {'given': 'Sam', 'family': 'Whitt', 'sequence': 'additional', 'affiliation': []}]",Springer Science and Business Media LLC,"{'date-parts': [[2013, 6, 8]], 'date-time': '2013-06-08T05:50:20Z', 'timestamp': 1370670620000}",True
http://dx.doi.org/10.1007/s10887-007-9022-2,['Escaping high mortality'],"[{'given': 'Javier A.', 'family': 'Birchenall', 'sequence': 'first', 'affiliation': []}]",Springer Science and Business Media LLC,"{'date-parts': [[2007, 11, 14]], 'date-time': '2007-11-14T17:37:50Z', 'timestamp': 1195061870000}",False
http://dx.doi.org/10.1007/s10887-007-9011-5,"['Growth and human capital: good data, good results']","[{'given': 'Daniel', 'family': 'Cohen', 'sequence': 'first', 'affiliation': []}, {'given': 'Marcelo', 'family': 'Soto', 'sequence': 'additional', 'affiliation': []}]",Springer Science and Business Media LLC,"{'date-parts': [[2007, 3, 26]], 'date-time': '2007-03-26T13:28:32Z', 'timestamp': 1174915712000}",False
http://dx.doi.org/10.1007/s10887-007-9025-z,['Easter Island’s collapse: a tale of a population race'],"[{'given': 'David', 'family': 'de la Croix', 'sequence': 'first', 'affiliation': []}, {'given': 'Davide', 'family': 'Dottori', 'sequence': 'additional', 'affiliation': []}]",Springer Science and Business Media LLC,"{'date-parts': [[2008, 1, 23]], 'date-time': '2008-01-23T21:00:05Z', 'timestamp': 1201122005000}",False
http://dx.doi.org/10.1007/s10887-011-9070-5,"['History’s a curse: leapfrogging, growth breaks and growth reversals under international borrowing without commitment']","[{'given': 'Raouf', 'family': 'Boucekkine', 'sequence': 'first', 'affiliation': []}, {'given': 'Patrick A.', 'family': 'Pintus', 'sequence': 'additional', 'affiliation': []}]",Springer Science and Business Media LLC,"{'date-parts': [[2011, 9, 15]], 'date-time': '2011-09-15T04:51:16Z', 'timestamp': 1316062276000}",False
http://dx.doi.org/10.1007/s10887-018-9158-2,['Population relatedness and cross-country idea flows: evidence from book translations'],"[{'ORCID': 'http://orcid.org/0000-0002-0117-2862', 'authenticated-orcid': False, 'given': 'Andrew', 'family': 'Dickens', 'sequence': 'first', 'affiliation': []}]",Springer Science and Business Media LLC,"{'date-parts': [[2018, 8, 6]], 'date-time': '2018-08-06T06:45:06Z', 'timestamp': 1533537906000}",True
http://dx.doi.org/10.1007/s10887-012-9080-y,['The evolution of markets and the revolution of industry: a unified theory of growth'],"[{'given': 'Klaus', 'family': 'Desmet', 'sequence': 'first', 'affiliation': []}, {'given': 'Stephen L.', 'family': 'Parente', 'sequence': 'additional', 'affiliation': []}]",Springer Science and Business Media LLC,"{'date-parts': [[2012, 6, 8]], 'date-time': '2012-06-08T17:23:03Z', 'timestamp': 1339176183000}",False
http://dx.doi.org/10.1007/s10887-010-9055-9,['Cross-country variation in educational attainment: structural change or within-industry skill upgrading?'],"[{'given': 'Lutz', 'family': 'Hendricks', 'sequence': 'first', 'affiliation': []}]",Springer Science and Business Media LLC,"{'date-parts': [[2010, 8, 20]], 'date-time': '2010-08-20T11:51:41Z', 'timestamp': 1282305101000}",False
http://dx.doi.org/10.1007/s10887-010-9051-0,['The Green Solow model'],"[{'given': 'William A.', 'family': 'Brock', 'sequence': 'first', 'affiliation': []}, {'given': 'M. Scott', 'family': 'Taylor', 'sequence': 'additional', 'affiliation': []}]",Springer Science and Business Media LLC,"{'date-parts': [[2010, 5, 15]], 'date-time': '2010-05-15T10:38:41Z', 'timestamp': 1273919921000}",False
http://dx.doi.org/10.1007/s10887-011-9063-4,['Optimal research and development and the cost of business cycles'],"[{'given': 'Galo', 'family': 'Nuño', 'sequence': 'first', 'affiliation': []}]",Springer Science and Business Media LLC,"{'date-parts': [[2011, 4, 25]], 'date-time': '2011-04-25T04:55:15Z', 'timestamp': 1303707315000}",False
http://dx.doi.org/10.1007/s10887-019-09162-6,['Group inequality and the severity of civil conflict'],"[{'ORCID': 'http://orcid.org/0000-0002-2209-7785', 'authenticated-orcid': False, 'given': 'John D.', 'family': 'Huber', 'sequence': 'first', 'affiliation': []}, {'ORCID': 'http://orcid.org/0000-0002-0674-6095', 'authenticated-orcid': False, 'given': 'Laura', 'family': 'Mayoral', 'sequence': 'additional', 'affiliation': []}]",Springer Science and Business Media LLC,"{'date-parts': [[2019, 2, 6]], 'date-time': '2019-02-06T11:22:07Z', 'timestamp': 1549452127000}",True
http://dx.doi.org/10.1007/s10887-006-9008-5,['Does longevity cause growth? A theoretical critique'],"[{'given': 'Moshe', 'family': 'Hazan', 'sequence': 'first', 'affiliation': []}, {'given': 'Hosny', 'family': 'Zoabi', 'sequence': 'additional', 'affiliation': []}]",Springer Science and Business Media LLC,"{'date-parts': [[2006, 11, 28]], 'date-time': '2006-11-28T02:02:21Z', 'timestamp': 1164679341000}",False
http://dx.doi.org/10.1007/s10887-019-09165-3,['Which tail matters? Inequality and growth in Brazil'],"[{'given': 'Stephan', 'family': 'Litschig', 'sequence': 'first', 'affiliation': []}, {'given': 'María', 'family': 'Lombardi', 'sequence': 'additional', 'affiliation': []}]",Springer Science and Business Media LLC,"{'date-parts': [[2019, 3, 22]], 'date-time': '2019-03-22T13:02:51Z', 'timestamp': 1553259771000}",True
http://dx.doi.org/10.1007/s10887-012-9086-5,"['The farm, the city, and the emergence of social security']","[{'given': 'Elizabeth M.', 'family': 'Caucutt', 'sequence': 'first', 'affiliation': []}, {'given': 'Thomas F.', 'family': 'Cooley', 'sequence': 'additional', 'affiliation': []}, {'given': 'Nezih', 'family': 'Guner', 'sequence': 'additional', 'affiliation': []}]",Springer Science and Business Media LLC,"{'date-parts': [[2012, 12, 29]], 'date-time': '2012-12-29T03:19:34Z', 'timestamp': 1356751174000}",True
http://dx.doi.org/10.1007/s10887-009-9039-9,"['Fertility, female labor force participation, and the demographic dividend']","[{'given': 'David E.', 'family': 'Bloom', 'sequence': 'first', 'affiliation': []}, {'given': 'David', 'family': 'Canning', 'sequence': 'additional', 'affiliation': []}, {'given': 'Günther', 'family': 'Fink', 'sequence': 'additional', 'affiliation': []}, {'given': 'Jocelyn E.', 'family': 'Finlay', 'sequence': 'additional', 'affiliation': []}]",Springer Science and Business Media LLC,"{'date-parts': [[2009, 5, 4]], 'date-time': '2009-05-04T20:42:03Z', 'timestamp': 1241469723000}",False
http://dx.doi.org/10.1007/s10887-009-9048-8,['Do international labor standards contribute to the persistence of the child-labor problem?'],"[{'given': 'Matthias', 'family': 'Doepke', 'sequence': 'first', 'affiliation': []}, {'given': 'Fabrizio', 'family': 'Zilibotti', 'sequence': 'additional', 'affiliation': []}]",Springer Science and Business Media LLC,"{'date-parts': [[2009, 11, 25]], 'date-time': '2009-11-25T13:50:14Z', 'timestamp': 1259157014000}",False
http://dx.doi.org/10.1007/s10887-011-9072-3,['A polarization-cohesion perspective on cross-country convergence'],"[{'given': 'Gordon', 'family': 'Anderson', 'sequence': 'first', 'affiliation': []}, {'given': 'Oliver', 'family': 'Linton', 'sequence': 'additional', 'affiliation': []}, {'given': 'Teng Wah', 'family': 'Leo', 'sequence': 'additional', 'affiliation': []}]",Springer Science and Business Media LLC,"{'date-parts': [[2011, 9, 24]], 'date-time': '2011-09-24T16:25:10Z', 'timestamp': 1316881510000}",False
http://dx.doi.org/10.1007/s10887-008-9026-6,['Entry costs and cross-country differences in productivity and output'],"[{'given': 'Levon', 'family': 'Barseghyan', 'sequence': 'first', 'affiliation': []}]",Springer Science and Business Media LLC,"{'date-parts': [[2008, 2, 21]], 'date-time': '2008-02-21T15:41:52Z', 'timestamp': 1203608512000}",False
http://dx.doi.org/10.1007/s10887-006-9002-y,"['Growth, distance to frontier and composition of human capital']","[{'given': 'Jérôme', 'family': 'Vandenbussche', 'sequence': 'first', 'affiliation': []}, {'given': 'Philippe', 'family': 'Aghion', 'sequence': 'additional', 'affiliation': []}, {'given': 'Costas', 'family': 'Meghir', 'sequence': 'additional', 'affiliation': []}]",Springer Science and Business Media LLC,"{'date-parts': [[2006, 7, 19]], 'date-time': '2006-07-19T19:42:56Z', 'timestamp': 1153338176000}",False
http://dx.doi.org/10.1007/s10887-010-9052-z,['The power of the family'],"[{'given': 'Alberto', 'family': 'Alesina', 'sequence': 'first', 'affiliation': []}, {'given': 'Paola', 'family': 'Giuliano', 'sequence': 'additional', 'affiliation': []}]",Springer Science and Business Media LLC,"{'date-parts': [[2010, 5, 26]], 'date-time': '2010-05-26T13:08:18Z', 'timestamp': 1274879298000}",False
http://dx.doi.org/10.1007/s10887-021-09190-1,"['Between communism and capitalism: long-term inequality in Poland, 1892–2015']","[{'ORCID': 'http://orcid.org/0000-0003-3795-6308', 'authenticated-orcid': False, 'given': 'Paweł', 'family': 'Bukowski', 'sequence': 'first', 'affiliation': []}, {'ORCID': 'http://orcid.org/0000-0001-9352-0344', 'authenticated-orcid': False, 'given': 'Filip', 'family': 'Novokmet', 'sequence': 'additional', 'affiliation': []}]",Springer Science and Business Media LLC,"{'date-parts': [[2021, 6, 2]], 'date-time': '2021-06-02T21:03:12Z', 'timestamp': 1622667792000}",True
http://dx.doi.org/10.1007/s10887-017-9142-2,['Education and religious participation: city-level evidence from Germany’s secularization period 1890–1930'],"[{'given': 'Sascha O.', 'family': 'Becker', 'sequence': 'first', 'affiliation': []}, {'given': 'Markus', 'family': 'Nagler', 'sequence': 'additional', 'affiliation': []}, {'given': 'Ludger', 'family': 'Woessmann', 'sequence': 'additional', 'affiliation': []}]",Springer Science and Business Media LLC,"{'date-parts': [[2017, 3, 4]], 'date-time': '2017-03-04T07:50:27Z', 'timestamp': 1488613827000}",False
http://dx.doi.org/10.1007/s10887-015-9114-3,"['Patent rights, product market reforms, and innovation']","[{'given': 'Philippe', 'family': 'Aghion', 'sequence': 'first', 'affiliation': []}, {'given': 'Peter', 'family': 'Howitt', 'sequence': 'additional', 'affiliation': []}, {'given': 'Susanne', 'family': 'Prantl', 'sequence': 'additional', 'affiliation': []}]",Springer Science and Business Media LLC,"{'date-parts': [[2015, 5, 26]], 'date-time': '2015-05-26T13:39:03Z', 'timestamp': 1432647543000}",True
http://dx.doi.org/10.1007/s10887-006-9009-4,['What you export matters'],"[{'given': 'Ricardo', 'family': 'Hausmann', 'sequence': 'first', 'affiliation': []}, {'given': 'Jason', 'family': 'Hwang', 'sequence': 'additional', 'affiliation': []}, {'given': 'Dani', 'family': 'Rodrik', 'sequence': 'additional', 'affiliation': []}]",Springer Science and Business Media LLC,"{'date-parts': [[2006, 12, 29]], 'date-time': '2006-12-29T15:10:40Z', 'timestamp': 1167405040000}",False
http://dx.doi.org/10.1007/s10887-008-9030-x,['Technological progress and regress in pre-industrial times'],"[{'given': 'Shekhar', 'family': 'Aiyar', 'sequence': 'first', 'affiliation': []}, {'given': 'Carl-Johan', 'family': 'Dalgaard', 'sequence': 'additional', 'affiliation': []}, {'given': 'Omer', 'family': 'Moav', 'sequence': 'additional', 'affiliation': []}]",Springer Science and Business Media LLC,"{'date-parts': [[2008, 3, 24]], 'date-time': '2008-03-24T10:32:37Z', 'timestamp': 1206354757000}",False
http://dx.doi.org/10.1007/s10887-009-9043-0,"['Education, corruption, and the distribution of income']","[{'given': 'Theo', 'family': 'Eicher', 'sequence': 'first', 'affiliation': []}, {'given': 'Cecilia', 'family': 'García-Peñalosa', 'sequence': 'additional', 'affiliation': []}, {'given': 'Tanguy', 'family': 'van Ypersele', 'sequence': 'additional', 'affiliation': []}]",Springer Science and Business Media LLC,"{'date-parts': [[2009, 8, 21]], 'date-time': '2009-08-21T06:44:53Z', 'timestamp': 1250837093000}",False
http://dx.doi.org/10.1007/s10887-017-9147-x,['Life expectancy and education: evidence from the cardiovascular revolution'],"[{'given': 'Casper Worm', 'family': 'Hansen', 'sequence': 'first', 'affiliation': []}, {'ORCID': 'http://orcid.org/0000-0002-5615-2412', 'authenticated-orcid': False, 'given': 'Holger', 'family': 'Strulik', 'sequence': 'additional', 'affiliation': []}]",Springer Science and Business Media LLC,"{'date-parts': [[2017, 9, 4]], 'date-time': '2017-09-04T18:52:18Z', 'timestamp': 1504551138000}",True
http://dx.doi.org/10.1007/s10887-008-9027-5,['Redistribution and entrepreneurship with Schumpeterian growth'],"[{'given': 'Cecilia', 'family': 'García-Peñalosa', 'sequence': 'first', 'affiliation': []}, {'given': 'Jean-François', 'family': 'Wen', 'sequence': 'additional', 'affiliation': []}]",Springer Science and Business Media LLC,"{'date-parts': [[2008, 2, 4]], 'date-time': '2008-02-04T19:46:35Z', 'timestamp': 1202154395000}",False
http://dx.doi.org/10.1007/s10887-015-9121-4,['Urbanization with and without industrialization'],"[{'given': 'Douglas', 'family': 'Gollin', 'sequence': 'first', 'affiliation': []}, {'given': 'Remi', 'family': 'Jedwab', 'sequence': 'additional', 'affiliation': []}, {'given': 'Dietrich', 'family': 'Vollrath', 'sequence': 'additional', 'affiliation': []}]",Springer Science and Business Media LLC,"{'date-parts': [[2015, 11, 13]], 'date-time': '2015-11-13T15:37:32Z', 'timestamp': 1447429052000}",True
http://dx.doi.org/10.1007/s10887-020-09180-9,"['Does it matter where you came from? Ancestry composition and economic performance of US counties, 1850–2010']","[{'ORCID': 'http://orcid.org/0000-0003-4881-7805', 'authenticated-orcid': False, 'given': 'Scott L.', 'family': 'Fulford', 'sequence': 'first', 'affiliation': []}, {'given': 'Ivan', 'family': 'Petkov', 'sequence': 'additional', 'affiliation': []}, {'given': 'Fabio', 'family': 'Schiantarelli', 'sequence': 'additional', 'affiliation': []}]",Springer Science and Business Media LLC,"{'date-parts': [[2020, 8, 9]], 'date-time': '2020-08-09T14:02:36Z', 'timestamp': 1596981756000}",True
http://dx.doi.org/10.1007/s10887-005-1113-3,['Nonlinearities in Capital?Skill Complementarity'],"[{'given': 'Chris', 'family': 'Papageorgiou', 'sequence': 'first', 'affiliation': []}, {'given': 'Viera', 'family': 'Chmelarova', 'sequence': 'additional', 'affiliation': []}]",Springer Science and Business Media LLC,"{'date-parts': [[2005, 3, 31]], 'date-time': '2005-03-31T15:54:07Z', 'timestamp': 1112284447000}",False
http://dx.doi.org/10.1007/s10887-014-9110-z,['Catching up and falling behind'],"[{'given': 'Nancy L.', 'family': 'Stokey', 'sequence': 'first', 'affiliation': []}]",Springer Science and Business Media LLC,"{'date-parts': [[2014, 10, 22]], 'date-time': '2014-10-22T04:33:49Z', 'timestamp': 1413952429000}",True
http://dx.doi.org/10.1007/s10887-011-9071-4,['The network structure of economic output'],"[{'given': 'Ricardo', 'family': 'Hausmann', 'sequence': 'first', 'affiliation': []}, {'given': 'César A.', 'family': 'Hidalgo', 'sequence': 'additional', 'affiliation': []}]",Springer Science and Business Media LLC,"{'date-parts': [[2011, 9, 30]], 'date-time': '2011-09-30T17:08:11Z', 'timestamp': 1317402491000}",False
http://dx.doi.org/10.1007/s10887-007-9010-6,"['Finance, inequality and the poor']","[{'given': 'Thorsten', 'family': 'Beck', 'sequence': 'first', 'affiliation': []}, {'given': 'Asli', 'family': 'Demirgüç-Kunt', 'sequence': 'additional', 'affiliation': []}, {'given': 'Ross', 'family': 'Levine', 'sequence': 'additional', 'affiliation': []}]",Springer Science and Business Media LLC,"{'date-parts': [[2007, 3, 5]], 'date-time': '2007-03-05T16:44:11Z', 'timestamp': 1173113051000}",False
http://dx.doi.org/10.1007/s10887-016-9136-5,['Revisiting the world technology frontier: a directional distance function approach'],"[{'given': 'Jens J.', 'family': 'Krüger', 'sequence': 'first', 'affiliation': []}]",Springer Science and Business Media LLC,"{'date-parts': [[2016, 9, 2]], 'date-time': '2016-09-02T10:59:23Z', 'timestamp': 1472813963000}",True
http://dx.doi.org/10.1007/s10887-007-9023-1,['The Manhattan Metaphor'],"[{'given': 'Pietro F.', 'family': 'Peretto', 'sequence': 'first', 'affiliation': []}, {'given': 'Michelle', 'family': 'Connolly', 'sequence': 'additional', 'affiliation': []}]",Springer Science and Business Media LLC,"{'date-parts': [[2007, 11, 7]], 'date-time': '2007-11-07T18:31:06Z', 'timestamp': 1194460266000}",False
http://dx.doi.org/10.1007/s10887-017-9153-z,['Globalizing labor and the world economy: the role of human capital'],"[{'given': 'Marco', 'family': 'Delogu', 'sequence': 'first', 'affiliation': []}, {'given': 'Frédéric', 'family': 'Docquier', 'sequence': 'additional', 'affiliation': []}, {'given': 'Joël', 'family': 'Machado', 'sequence': 'additional', 'affiliation': []}]",Springer Science and Business Media LLC,"{'date-parts': [[2018, 2, 22]], 'date-time': '2018-02-22T14:18:52Z', 'timestamp': 1519309132000}",True
http://dx.doi.org/10.1007/s10887-013-9097-x,['Women’s rights and development'],"[{'given': 'Raquel', 'family': 'Fernández', 'sequence': 'first', 'affiliation': []}]",Springer Science and Business Media LLC,"{'date-parts': [[2013, 10, 21]], 'date-time': '2013-10-21T06:20:50Z', 'timestamp': 1382336450000}",False
http://dx.doi.org/10.1007/s10887-008-9033-7,"['Population, food, and knowledge: a simple unified growth theory']","[{'given': 'Holger', 'family': 'Strulik', 'sequence': 'first', 'affiliation': []}, {'given': 'Jacob', 'family': 'Weisdorf', 'sequence': 'additional', 'affiliation': []}]",Springer Science and Business Media LLC,"{'date-parts': [[2008, 7, 17]], 'date-time': '2008-07-17T14:01:37Z', 'timestamp': 1216303297000}",False
http://dx.doi.org/10.1007/s10887-011-9065-2,['Life expectancy and economic growth: the role of the demographic transition'],"[{'given': 'Matteo', 'family': 'Cervellati', 'sequence': 'first', 'affiliation': []}, {'given': 'Uwe', 'family': 'Sunde', 'sequence': 'additional', 'affiliation': []}]",Springer Science and Business Media LLC,"{'date-parts': [[2011, 5, 10]], 'date-time': '2011-05-10T08:19:48Z', 'timestamp': 1305015588000}",False
http://dx.doi.org/10.1007/s10887-011-9067-0,['A contribution to the theory and empirics of Schumpeterian growth with worldwide interactions'],"[{'given': 'Cem', 'family': 'Ertur', 'sequence': 'first', 'affiliation': []}, {'given': 'Wilfried', 'family': 'Koch', 'sequence': 'additional', 'affiliation': []}]",Springer Science and Business Media LLC,"{'date-parts': [[2011, 6, 15]], 'date-time': '2011-06-15T02:09:02Z', 'timestamp': 1308103742000}",False
http://dx.doi.org/10.1007/s10887-014-9107-7,['International business travel: an engine of innovation?'],"[{'given': 'Nune', 'family': 'Hovhannisyan', 'sequence': 'first', 'affiliation': []}, {'given': 'Wolfgang', 'family': 'Keller', 'sequence': 'additional', 'affiliation': []}]",Springer Science and Business Media LLC,"{'date-parts': [[2014, 9, 3]], 'date-time': '2014-09-03T03:21:05Z', 'timestamp': 1409714465000}",True
http://dx.doi.org/10.1007/s10887-015-9118-z,"['Growth on a finite planet: resources, technology and population in the long run']","[{'given': 'Pietro F.', 'family': 'Peretto', 'sequence': 'first', 'affiliation': []}, {'given': 'Simone', 'family': 'Valente', 'sequence': 'additional', 'affiliation': []}]",Springer Science and Business Media LLC,"{'date-parts': [[2015, 7, 1]], 'date-time': '2015-07-01T11:29:02Z', 'timestamp': 1435750142000}",True
http://dx.doi.org/10.1007/s10887-012-9081-x,"['Do better schools lead to more growth? Cognitive skills, economic outcomes, and causation']","[{'given': 'Eric A.', 'family': 'Hanushek', 'sequence': 'first', 'affiliation': []}, {'given': 'Ludger', 'family': 'Woessmann', 'sequence': 'additional', 'affiliation': []}]",Springer Science and Business Media LLC,"{'date-parts': [[2012, 7, 13]], 'date-time': '2012-07-13T20:52:24Z', 'timestamp': 1342212744000}",False
http://dx.doi.org/10.1007/s10887-017-9150-2,"['Redistribution, inequality, and growth: new evidence']","[{'given': 'Andrew', 'family': 'Berg', 'sequence': 'first', 'affiliation': []}, {'given': 'Jonathan D.', 'family': 'Ostry', 'sequence': 'additional', 'affiliation': []}, {'given': 'Charalambos G.', 'family': 'Tsangarides', 'sequence': 'additional', 'affiliation': []}, {'given': 'Yorbol', 'family': 'Yakhshilikov', 'sequence': 'additional', 'affiliation': []}]",Springer Science and Business Media LLC,"{'date-parts': [[2018, 6, 26]], 'date-time': '2018-06-26T15:14:55Z', 'timestamp': 1530026095000}",True
http://dx.doi.org/10.1007/s10887-008-9034-6,['A structural model of the transition to agriculture'],"[{'given': 'Matthew J.', 'family': 'Baker', 'sequence': 'first', 'affiliation': []}]",Springer Science and Business Media LLC,"{'date-parts': [[2008, 9, 2]], 'date-time': '2008-09-02T20:32:19Z', 'timestamp': 1220387539000}",False
http://dx.doi.org/10.1007/s10887-017-9151-1,"['Geography, land inequality and regional numeracy in Europe in historical perspective']","[{'given': 'Joerg', 'family': 'Baten', 'sequence': 'first', 'affiliation': []}, {'ORCID': 'http://orcid.org/0000-0002-2395-5833', 'authenticated-orcid': False, 'given': 'Ralph', 'family': 'Hippe', 'sequence': 'additional', 'affiliation': []}]",Springer Science and Business Media LLC,"{'date-parts': [[2017, 11, 1]], 'date-time': '2017-11-01T20:58:40Z', 'timestamp': 1509569920000}",True
http://dx.doi.org/10.1007/s10887-016-9126-7,['Are the world’s poorest being left behind?'],"[{'given': 'Martin', 'family': 'Ravallion', 'sequence': 'first', 'affiliation': []}]",Springer Science and Business Media LLC,"{'date-parts': [[2016, 2, 15]], 'date-time': '2016-02-15T14:56:56Z', 'timestamp': 1455548216000}",True
http://dx.doi.org/10.1007/s10887-005-3535-3,['Does the Profile of Income Inequality Matter for Economic Growth?'],"[{'given': 'Sarah', 'family': 'Voitchovsky', 'sequence': 'first', 'affiliation': []}]",Springer Science and Business Media LLC,"{'date-parts': [[2005, 9, 8]], 'date-time': '2005-09-08T12:08:54Z', 'timestamp': 1126181334000}",False
http://dx.doi.org/10.1007/s10887-019-09173-3,"['Spatial competition, innovation and institutions: the Industrial Revolution and the Great Divergence']","[{'ORCID': 'http://orcid.org/0000-0002-8206-845X', 'authenticated-orcid': False, 'given': 'Klaus', 'family': 'Desmet', 'sequence': 'first', 'affiliation': []}, {'given': 'Avner', 'family': 'Greif', 'sequence': 'additional', 'affiliation': []}, {'given': 'Stephen L.', 'family': 'Parente', 'sequence': 'additional', 'affiliation': []}]",Springer Science and Business Media LLC,"{'date-parts': [[2019, 10, 25]], 'date-time': '2019-10-25T17:13:57Z', 'timestamp': 1572023637000}",False
http://dx.doi.org/10.1007/s10887-020-09175-6,['The international epidemiological transition and the education gender gap'],"[{'given': 'Mariko J.', 'family': 'Klasing', 'sequence': 'first', 'affiliation': []}, {'given': 'Petros', 'family': 'Milionis', 'sequence': 'additional', 'affiliation': []}]",Springer Science and Business Media LLC,"{'date-parts': [[2020, 2, 28]], 'date-time': '2020-02-28T18:03:46Z', 'timestamp': 1582913026000}",True
http://dx.doi.org/10.1007/s10887-012-9084-7,['The economic value of virtue'],"[{'given': 'Fabio', 'family': 'Mariani', 'sequence': 'first', 'affiliation': []}]",Springer Science and Business Media LLC,"{'date-parts': [[2012, 7, 7]], 'date-time': '2012-07-07T04:04:59Z', 'timestamp': 1341633899000}",False
http://dx.doi.org/10.1007/s10887-008-9035-5,['Technology usage lags'],"[{'given': 'Diego', 'family': 'Comin', 'sequence': 'first', 'affiliation': []}, {'given': 'Bart', 'family': 'Hobijn', 'sequence': 'additional', 'affiliation': []}, {'given': 'Emilie', 'family': 'Rovito', 'sequence': 'additional', 'affiliation': []}]",Springer Science and Business Media LLC,"{'date-parts': [[2008, 11, 10]], 'date-time': '2008-11-10T15:27:42Z', 'timestamp': 1226330862000}",False
http://dx.doi.org/10.1007/s10887-008-9032-8,['The curse of aid'],"[{'given': 'Simeon', 'family': 'Djankov', 'sequence': 'first', 'affiliation': []}, {'given': 'Jose G.', 'family': 'Montalvo', 'sequence': 'additional', 'affiliation': []}, {'given': 'Marta', 'family': 'Reynal-Querol', 'sequence': 'additional', 'affiliation': []}]",Springer Science and Business Media LLC,"{'date-parts': [[2008, 7, 21]], 'date-time': '2008-07-21T20:08:46Z', 'timestamp': 1216670926000}",False
http://dx.doi.org/10.1007/s10887-017-9149-8,['Oil and ethnic inequality in Nigeria'],"[{'given': 'James', 'family': 'Fenske', 'sequence': 'first', 'affiliation': []}, {'given': 'Igor', 'family': 'Zurimendi', 'sequence': 'additional', 'affiliation': []}]",Springer Science and Business Media LLC,"{'date-parts': [[2017, 10, 4]], 'date-time': '2017-10-04T20:37:33Z', 'timestamp': 1507149453000}",True
http://dx.doi.org/10.1007/s10887-008-9029-3,['Death and development'],"[{'given': 'Peter', 'family': 'Lorentzen', 'sequence': 'first', 'affiliation': []}, {'given': 'John', 'family': 'McMillan', 'sequence': 'additional', 'affiliation': []}, {'given': 'Romain', 'family': 'Wacziarg', 'sequence': 'additional', 'affiliation': []}]",Springer Science and Business Media LLC,"{'date-parts': [[2008, 3, 14]], 'date-time': '2008-03-14T14:23:26Z', 'timestamp': 1205504606000}",False
http://dx.doi.org/10.1007/s10887-010-9054-x,['The trade-off between fertility and education: evidence from before the demographic transition'],"[{'given': 'Sascha O.', 'family': 'Becker', 'sequence': 'first', 'affiliation': []}, {'given': 'Francesco', 'family': 'Cinnirella', 'sequence': 'additional', 'affiliation': []}, {'given': 'Ludger', 'family': 'Woessmann', 'sequence': 'additional', 'affiliation': []}]",Springer Science and Business Media LLC,"{'date-parts': [[2010, 8, 12]], 'date-time': '2010-08-12T15:32:22Z', 'timestamp': 1281627142000}",False
http://dx.doi.org/10.1007/s10887-010-9057-7,['Four centuries of British economic growth: the roles of technology and population'],"[{'given': 'Jakob B.', 'family': 'Madsen', 'sequence': 'first', 'affiliation': []}, {'given': 'James B.', 'family': 'Ang', 'sequence': 'additional', 'affiliation': []}, {'given': 'Rajabrata', 'family': 'Banerjee', 'sequence': 'additional', 'affiliation': []}]",Springer Science and Business Media LLC,"{'date-parts': [[2010, 10, 20]], 'date-time': '2010-10-20T06:02:36Z', 'timestamp': 1287554556000}",False
http://dx.doi.org/10.1007/s10887-019-09170-6,"['Childlessness, celibacy and net fertility in pre-industrial England: the middle-class evolutionary advantage']","[{'ORCID': 'http://orcid.org/0000-0002-7589-8535', 'authenticated-orcid': False, 'given': 'David', 'family': 'de\xa0la Croix', 'sequence': 'first', 'affiliation': []}, {'given': 'Eric B.', 'family': 'Schneider', 'sequence': 'additional', 'affiliation': []}, {'given': 'Jacob', 'family': 'Weisdorf', 'sequence': 'additional', 'affiliation': []}]",Springer Science and Business Media LLC,"{'date-parts': [[2019, 7, 5]], 'date-time': '2019-07-05T16:02:42Z', 'timestamp': 1562342562000}",True
http://dx.doi.org/10.1007/s10887-017-9146-y,['Technology and labor regulations: theory and evidence'],"[{'given': 'Alberto', 'family': 'Alesina', 'sequence': 'first', 'affiliation': []}, {'given': 'Michele', 'family': 'Battisti', 'sequence': 'additional', 'affiliation': []}, {'ORCID': 'http://orcid.org/0000-0002-9171-4599', 'authenticated-orcid': False, 'given': 'Joseph', 'family': 'Zeira', 'sequence': 'additional', 'affiliation': []}]",Springer Science and Business Media LLC,"{'date-parts': [[2017, 8, 31]], 'date-time': '2017-08-31T12:36:12Z', 'timestamp': 1504182972000}",False
http://dx.doi.org/10.1007/s10887-011-9068-z,['The stability and breakup of nations: a quantitative analysis'],"[{'given': 'Klaus', 'family': 'Desmet', 'sequence': 'first', 'affiliation': []}, {'given': 'Michel', 'family': 'Le Breton', 'sequence': 'additional', 'affiliation': []}, {'given': 'Ignacio', 'family': 'Ortuño-Ortín', 'sequence': 'additional', 'affiliation': []}, {'given': 'Shlomo', 'family': 'Weber', 'sequence': 'additional', 'affiliation': []}]",Springer Science and Business Media LLC,"{'date-parts': [[2011, 8, 17]], 'date-time': '2011-08-17T17:31:56Z', 'timestamp': 1313602316000}",False
http://dx.doi.org/10.1007/s10887-014-9108-6,['Asia’s little divergence: state capacity in China and Japan before 1850'],"[{'given': 'Tuan-Hwee', 'family': 'Sng', 'sequence': 'first', 'affiliation': []}, {'given': 'Chiaki', 'family': 'Moriguchi', 'sequence': 'additional', 'affiliation': []}]",Springer Science and Business Media LLC,"{'date-parts': [[2014, 9, 11]], 'date-time': '2014-09-11T19:52:38Z', 'timestamp': 1410465158000}",False
http://dx.doi.org/10.1007/s10887-011-9062-5,['Parental nurturing and adverse effects of redistribution'],"[{'given': 'Debasis', 'family': 'Bandyopadhyay', 'sequence': 'first', 'affiliation': []}, {'given': 'Xueli', 'family': 'Tang', 'sequence': 'additional', 'affiliation': []}]",Springer Science and Business Media LLC,"{'date-parts': [[2011, 3, 8]], 'date-time': '2011-03-08T12:03:28Z', 'timestamp': 1299585808000}",False
http://dx.doi.org/10.1007/s10887-011-9073-2,['Do brain drain and poverty result from coordination failures?'],"[{'given': 'David', 'family': 'de la Croix', 'sequence': 'first', 'affiliation': []}, {'given': 'Frédéric', 'family': 'Docquier', 'sequence': 'additional', 'affiliation': []}]",Springer Science and Business Media LLC,"{'date-parts': [[2011, 10, 20]], 'date-time': '2011-10-20T18:04:26Z', 'timestamp': 1319133866000}",False
http://dx.doi.org/10.1007/s10887-005-1111-5,"['From Malthus to Ohlin: Trade, Industrialisation and Distribution Since 1500']","[{'given': 'Kevin H.', 'family': 'O’rourke', 'sequence': 'first', 'affiliation': []}, {'given': 'Jeffrey G.', 'family': 'Williamson', 'sequence': 'additional', 'affiliation': []}]",Springer Science and Business Media LLC,"{'date-parts': [[2005, 3, 31]], 'date-time': '2005-03-31T15:54:07Z', 'timestamp': 1112284447000}",False
http://dx.doi.org/10.1007/s10887-019-09168-0,"['Growth, entrepreneurship, and risk-tolerance: a risk-income paradox']","[{'given': 'Ranoua', 'family': 'Bouchouicha', 'sequence': 'first', 'affiliation': []}, {'ORCID': 'http://orcid.org/0000-0002-0881-3714', 'authenticated-orcid': False, 'given': 'Ferdinand M.', 'family': 'Vieider', 'sequence': 'additional', 'affiliation': []}]",Springer Science and Business Media LLC,"{'date-parts': [[2019, 5, 23]], 'date-time': '2019-05-23T04:54:48Z', 'timestamp': 1558587288000}",True
http://dx.doi.org/10.1007/s10887-008-9031-9,['Book production and the onset of modern economic growth'],"[{'given': 'Joerg', 'family': 'Baten', 'sequence': 'first', 'affiliation': []}, {'given': 'Jan Luiten', 'family': 'van Zanden', 'sequence': 'additional', 'affiliation': []}]",Springer Science and Business Media LLC,"{'date-parts': [[2008, 4, 17]], 'date-time': '2008-04-17T14:49:19Z', 'timestamp': 1208443759000}",False
http://dx.doi.org/10.1007/s10887-006-9006-7,"['Reliving the 1950s: the big push, poverty traps, and takeoffs in economic development']","[{'given': 'William', 'family': 'Easterly', 'sequence': 'first', 'affiliation': []}]",Springer Science and Business Media LLC,"{'date-parts': [[2006, 11, 16]], 'date-time': '2006-11-16T15:27:33Z', 'timestamp': 1163690853000}",False
http://dx.doi.org/10.1007/s10887-009-9040-3,['A Monte Carlo study of growth regressions'],"[{'suffix': 'Jr.', 'given': 'William R.', 'family': 'Hauk', 'sequence': 'first', 'affiliation': []}, {'given': 'Romain', 'family': 'Wacziarg', 'sequence': 'additional', 'affiliation': []}]",Springer Science and Business Media LLC,"{'date-parts': [[2009, 5, 4]], 'date-time': '2009-05-04T18:45:42Z', 'timestamp': 1241462742000}",False
http://dx.doi.org/10.1007/s10887-018-09161-z,['Winning the oil lottery: the impact of natural resource extraction on growth'],"[{'ORCID': 'http://orcid.org/0000-0002-9627-4756', 'authenticated-orcid': False, 'given': 'Tiago', 'family': 'Cavalcanti', 'sequence': 'first', 'affiliation': []}, {'given': 'Daniel', 'family': 'Da Mata', 'sequence': 'additional', 'affiliation': []}, {'given': 'Frederik', 'family': 'Toscani', 'sequence': 'additional', 'affiliation': []}]",Springer Science and Business Media LLC,"{'date-parts': [[2019, 2, 1]], 'date-time': '2019-02-01T06:54:29Z', 'timestamp': 1549004069000}",True
http://dx.doi.org/10.1007/s10887-010-9049-7,['A macroeconomic perspective on Knowledge Management'],"[{'given': 'Mathias', 'family': 'Thoenig', 'sequence': 'first', 'affiliation': []}, {'given': 'Thierry', 'family': 'Verdier', 'sequence': 'additional', 'affiliation': []}]",Springer Science and Business Media LLC,"{'date-parts': [[2010, 2, 24]], 'date-time': '2010-02-24T08:48:31Z', 'timestamp': 1267001311000}",False
http://dx.doi.org/10.1007/s10887-012-9079-4,"['Warfare, fiscal capacity, and performance']","[{'given': 'Mark', 'family': 'Dincecco', 'sequence': 'first', 'affiliation': []}, {'given': 'Mauricio', 'family': 'Prado', 'sequence': 'additional', 'affiliation': []}]",Springer Science and Business Media LLC,"{'date-parts': [[2012, 4, 5]], 'date-time': '2012-04-05T06:16:18Z', 'timestamp': 1333606578000}",False
http://dx.doi.org/10.1007/s10887-014-9103-y,['Africa is on time'],"[{'given': 'Maxim', 'family': 'Pinkovskiy', 'sequence': 'first', 'affiliation': []}, {'given': 'Xavier', 'family': 'Sala-i-Martin', 'sequence': 'additional', 'affiliation': []}]",Springer Science and Business Media LLC,"{'date-parts': [[2014, 6, 26]], 'date-time': '2014-06-26T19:50:35Z', 'timestamp': 1403812235000}",True
http://dx.doi.org/10.1007/s10887-017-9141-3,['The role of human capital and innovation in economic development: evidence from post-Malthusian Prussia'],"[{'given': 'Francesco', 'family': 'Cinnirella', 'sequence': 'first', 'affiliation': []}, {'given': 'Jochen', 'family': 'Streb', 'sequence': 'additional', 'affiliation': []}]",Springer Science and Business Media LLC,"{'date-parts': [[2017, 2, 1]], 'date-time': '2017-02-01T08:19:46Z', 'timestamp': 1485937186000}",True
http://dx.doi.org/10.1007/s10887-006-9007-6,"['Why England? Demographic factors, structural change and physical capital accumulation during the Industrial Revolution']","[{'given': 'Nico', 'family': 'Voigtländer', 'sequence': 'first', 'affiliation': []}, {'given': 'Hans-Joachim', 'family': 'Voth', 'sequence': 'additional', 'affiliation': []}]",Springer Science and Business Media LLC,"{'date-parts': [[2006, 12, 4]], 'date-time': '2006-12-04T14:31:43Z', 'timestamp': 1165242703000}",False
http://dx.doi.org/10.1007/s10887-020-09177-4,['The health costs of ethnic distance: evidence from sub-Saharan Africa'],"[{'ORCID': 'http://orcid.org/0000-0003-2806-1852', 'authenticated-orcid': False, 'given': 'Joseph Flavian', 'family': 'Gomes', 'sequence': 'first', 'affiliation': []}]",Springer Science and Business Media LLC,"{'date-parts': [[2020, 5, 26]], 'date-time': '2020-05-26T17:02:45Z', 'timestamp': 1590512565000}",True
http://dx.doi.org/10.1007/s10887-015-9117-0,['The longevity of famous people from Hammurabi to Einstein'],"[{'given': 'David', 'family': 'de la Croix', 'sequence': 'first', 'affiliation': []}, {'given': 'Omar', 'family': 'Licandro', 'sequence': 'additional', 'affiliation': []}]",Springer Science and Business Media LLC,"{'date-parts': [[2015, 6, 18]], 'date-time': '2015-06-18T05:24:30Z', 'timestamp': 1434605070000}",True
http://dx.doi.org/10.1007/s10887-017-9140-4,['The logic of hereditary rule: theory and evidence'],"[{'given': 'Timothy', 'family': 'Besley', 'sequence': 'first', 'affiliation': []}, {'given': 'Marta', 'family': 'Reynal-Querol', 'sequence': 'additional', 'affiliation': []}]",Springer Science and Business Media LLC,"{'date-parts': [[2017, 2, 15]], 'date-time': '2017-02-15T08:29:18Z', 'timestamp': 1487147358000}",True
http://dx.doi.org/10.1007/s10887-016-9135-6,['Finance and sources of growth: evidence from the U.S. states'],"[{'given': 'Michał', 'family': 'Jerzmanowski', 'sequence': 'first', 'affiliation': []}]",Springer Science and Business Media LLC,"{'date-parts': [[2016, 9, 26]], 'date-time': '2016-09-26T13:14:10Z', 'timestamp': 1474895650000}",True
http://dx.doi.org/10.1007/s10887-010-9053-y,['Wealth inequality and credit markets: evidence from three industrialized countries'],"[{'given': 'Markus', 'family': 'Brückner', 'sequence': 'first', 'affiliation': []}, {'given': 'Kerstin', 'family': 'Gerling', 'sequence': 'additional', 'affiliation': []}, {'given': 'Hans Peter', 'family': 'Grüner', 'sequence': 'additional', 'affiliation': []}]",Springer Science and Business Media LLC,"{'date-parts': [[2010, 6, 16]], 'date-time': '2010-06-16T09:03:33Z', 'timestamp': 1276679013000}",False
http://dx.doi.org/10.1007/s10887-015-9116-1,['Subnational leaders and economic growth: evidence from Chinese cities'],"[{'given': 'Yang', 'family': 'Yao', 'sequence': 'first', 'affiliation': []}, {'given': 'Muyang', 'family': 'Zhang', 'sequence': 'additional', 'affiliation': []}]",Springer Science and Business Media LLC,"{'date-parts': [[2015, 5, 8]], 'date-time': '2015-05-08T12:25:58Z', 'timestamp': 1431087958000}",True
http://dx.doi.org/10.1007/s10887-011-9074-1,['The agricultural basis of comparative development'],"[{'given': 'Dietrich', 'family': 'Vollrath', 'sequence': 'first', 'affiliation': []}]",Springer Science and Business Media LLC,"{'date-parts': [[2011, 11, 2]], 'date-time': '2011-11-02T15:23:17Z', 'timestamp': 1320247397000}",False
http://dx.doi.org/10.1007/s10887-020-09184-5,['Legacies of inequality: the case of Brazil'],"[{'ORCID': 'http://orcid.org/0000-0002-7424-1101', 'authenticated-orcid': False, 'given': 'Evan', 'family': 'Wigton-Jones', 'sequence': 'first', 'affiliation': []}]",Springer Science and Business Media LLC,"{'date-parts': [[2020, 10, 12]], 'date-time': '2020-10-12T07:02:55Z', 'timestamp': 1602486175000}",True
http://dx.doi.org/10.1007/s10887-018-9154-6,['Distance to the pre-industrial technological frontier and economic development'],"[{'ORCID': 'http://orcid.org/0000-0001-6421-2801', 'authenticated-orcid': False, 'given': 'Ömer', 'family': 'Özak', 'sequence': 'first', 'affiliation': []}]",Springer Science and Business Media LLC,"{'date-parts': [[2018, 3, 14]], 'date-time': '2018-03-14T10:11:53Z', 'timestamp': 1521022313000}",True
http://dx.doi.org/10.1007/s10887-015-9111-6,['Old habits die hard (sometimes)'],"[{'given': 'Tommy E.', 'family': 'Murphy', 'sequence': 'first', 'affiliation': []}]",Springer Science and Business Media LLC,"{'date-parts': [[2015, 2, 24]], 'date-time': '2015-02-24T13:08:56Z', 'timestamp': 1424783336000}",False
http://dx.doi.org/10.1007/s10887-009-9047-9,['Creditor protection and the dynamics of the distribution in oligarchic societies'],"[{'given': 'Manuel', 'family': 'Oechslin', 'sequence': 'first', 'affiliation': []}]",Springer Science and Business Media LLC,"{'date-parts': [[2009, 11, 18]], 'date-time': '2009-11-18T07:20:13Z', 'timestamp': 1258528813000}",False
http://dx.doi.org/10.1007/s10887-019-09164-4,['The world income distribution: the effects of international unbundling of production'],"[{'ORCID': 'http://orcid.org/0000-0002-0044-4897', 'authenticated-orcid': False, 'given': 'Sergi', 'family': 'Basco', 'sequence': 'first', 'affiliation': []}, {'ORCID': 'http://orcid.org/0000-0002-6457-7998', 'authenticated-orcid': False, 'given': 'Martí', 'family': 'Mestieri', 'sequence': 'additional', 'affiliation': []}]",Springer Science and Business Media LLC,"{'date-parts': [[2019, 3, 7]], 'date-time': '2019-03-07T11:30:14Z', 'timestamp': 1551958214000}",True
http://dx.doi.org/10.1007/s10887-021-09187-w,['The European coal curse'],"[{'ORCID': 'http://orcid.org/0000-0001-5331-4992', 'authenticated-orcid': False, 'given': 'Elena', 'family': 'Esposito', 'sequence': 'first', 'affiliation': []}, {'given': 'Scott F.', 'family': 'Abramson', 'sequence': 'additional', 'affiliation': []}]",Springer Science and Business Media LLC,"{'date-parts': [[2021, 3, 4]], 'date-time': '2021-03-04T17:02:44Z', 'timestamp': 1614877364000}",True
http://dx.doi.org/10.1007/s10887-006-9003-x,['Dualism and cross-country growth regressions'],"[{'given': 'Jonathan', 'family': 'Temple', 'sequence': 'first', 'affiliation': []}, {'given': 'Ludger', 'family': 'Wößmann', 'sequence': 'additional', 'affiliation': []}]",Springer Science and Business Media LLC,"{'date-parts': [[2006, 9, 13]], 'date-time': '2006-09-13T16:33:04Z', 'timestamp': 1158165184000}",False
http://dx.doi.org/10.1007/s10887-020-09178-3,"['Growing collectivism: irrigation, group conformity and technological divergence']","[{'ORCID': 'http://orcid.org/0000-0002-3899-1407', 'authenticated-orcid': False, 'given': 'Johannes C.', 'family': 'Buggle', 'sequence': 'first', 'affiliation': []}]",Springer Science and Business Media LLC,"{'date-parts': [[2020, 6, 4]], 'date-time': '2020-06-04T18:03:46Z', 'timestamp': 1591293826000}",True
http://dx.doi.org/10.1007/s10887-013-9096-y,"['Luddites, the industrial revolution, and the demographic transition']","[{'given': 'Kevin Hjortshøj', 'family': 'O’Rourke', 'sequence': 'first', 'affiliation': []}, {'given': 'Ahmed S.', 'family': 'Rahman', 'sequence': 'additional', 'affiliation': []}, {'given': 'Alan M.', 'family': 'Taylor', 'sequence': 'additional', 'affiliation': []}]",Springer Science and Business Media LLC,"{'date-parts': [[2013, 10, 7]], 'date-time': '2013-10-07T02:53:13Z', 'timestamp': 1381114393000}",False
http://dx.doi.org/10.1007/s10887-016-9134-7,"['Natural land productivity, cooperation and comparative development']","[{'given': 'Anastasia', 'family': 'Litina', 'sequence': 'first', 'affiliation': []}]",Springer Science and Business Media LLC,"{'date-parts': [[2016, 8, 2]], 'date-time': '2016-08-02T15:33:25Z', 'timestamp': 1470152005000}",True
http://dx.doi.org/10.1007/s10887-007-9021-3,['In sorrow to bring forth children: fertility amidst the plague of HIV'],"[{'given': 'Alwyn', 'family': 'Young', 'sequence': 'first', 'affiliation': []}]",Springer Science and Business Media LLC,"{'date-parts': [[2007, 11, 21]], 'date-time': '2007-11-21T14:59:39Z', 'timestamp': 1195657179000}",True
http://dx.doi.org/10.1007/s10887-012-9082-9,"['Basic research, openness, and convergence']","[{'given': 'Hans', 'family': 'Gersbach', 'sequence': 'first', 'affiliation': []}, {'given': 'Maik T.', 'family': 'Schneider', 'sequence': 'additional', 'affiliation': []}, {'given': 'Olivier', 'family': 'Schneller', 'sequence': 'additional', 'affiliation': []}]",Springer Science and Business Media LLC,"{'date-parts': [[2012, 8, 18]], 'date-time': '2012-08-18T06:01:29Z', 'timestamp': 1345269689000}",False
http://dx.doi.org/10.1007/s10887-013-9087-z,"['Geography, institutions, and the making of comparative development']","[{'given': 'Raphael A.', 'family': 'Auer', 'sequence': 'first', 'affiliation': []}]",Springer Science and Business Media LLC,"{'date-parts': [[2013, 1, 30]], 'date-time': '2013-01-30T07:49:40Z', 'timestamp': 1359532180000}",True
http://dx.doi.org/10.1007/s10887-014-9104-x,"['Agriculture, transportation and the timing of urbanization: Global analysis at the grid cell level']","[{'given': 'Mesbah J.', 'family': 'Motamed', 'sequence': 'first', 'affiliation': []}, {'given': 'Raymond J. G. M.', 'family': 'Florax', 'sequence': 'additional', 'affiliation': []}, {'given': 'William A.', 'family': 'Masters', 'sequence': 'additional', 'affiliation': []}]",Springer Science and Business Media LLC,"{'date-parts': [[2014, 6, 22]], 'date-time': '2014-06-22T07:31:07Z', 'timestamp': 1403422267000}",True
http://dx.doi.org/10.1007/s10887-020-09179-2,['The origins of the division of labor in pre-industrial times'],"[{'ORCID': 'http://orcid.org/0000-0002-4236-7869', 'authenticated-orcid': False, 'given': 'Emilio', 'family': 'Depetris-Chauvin', 'sequence': 'first', 'affiliation': []}, {'given': 'Ömer', 'family': 'Özak', 'sequence': 'additional', 'affiliation': []}]",Springer Science and Business Media LLC,"{'date-parts': [[2020, 8, 1]], 'date-time': '2020-08-01T16:02:41Z', 'timestamp': 1596297761000}",True
http://dx.doi.org/10.1007/s10887-007-9016-0,['Education and income of the states of the United States: 1840–2000'],"[{'given': 'Chad', 'family': 'Turner', 'sequence': 'first', 'affiliation': []}, {'given': 'Robert', 'family': 'Tamura', 'sequence': 'additional', 'affiliation': []}, {'given': 'Sean E.', 'family': 'Mulholland', 'sequence': 'additional', 'affiliation': []}, {'given': 'Scott', 'family': 'Baier', 'sequence': 'additional', 'affiliation': []}]",Springer Science and Business Media LLC,"{'date-parts': [[2007, 6, 12]], 'date-time': '2007-06-12T11:52:05Z', 'timestamp': 1181649125000}",False
http://dx.doi.org/10.1007/s10887-016-9130-y,['The European origins of economic development'],"[{'ORCID': 'http://orcid.org/0000-0002-1207-2840', 'authenticated-orcid': False, 'given': 'William', 'family': 'Easterly', 'sequence': 'first', 'affiliation': []}, {'given': 'Ross', 'family': 'Levine', 'sequence': 'additional', 'affiliation': []}]",Springer Science and Business Media LLC,"{'date-parts': [[2016, 5, 9]], 'date-time': '2016-05-09T15:15:08Z', 'timestamp': 1462806908000}",True
http://dx.doi.org/10.1007/s10887-016-9139-2,['Growth discontinuities at borders'],"[{'given': 'Maxim L.', 'family': 'Pinkovskiy', 'sequence': 'first', 'affiliation': []}]",Springer Science and Business Media LLC,"{'date-parts': [[2016, 10, 15]], 'date-time': '2016-10-15T06:54:15Z', 'timestamp': 1476514455000}",True
http://dx.doi.org/10.1007/s10887-008-9028-4,['Coevolution of human speech and trade'],"[{'given': 'Richard D.', 'family': 'Horan', 'sequence': 'first', 'affiliation': []}, {'given': 'Erwin H.', 'family': 'Bulte', 'sequence': 'additional', 'affiliation': []}, {'given': 'Jason F.', 'family': 'Shogren', 'sequence': 'additional', 'affiliation': []}]",Springer Science and Business Media LLC,"{'date-parts': [[2008, 2, 21]], 'date-time': '2008-02-21T15:39:50Z', 'timestamp': 1203608390000}",False
http://dx.doi.org/10.1007/s10887-016-9132-9,['The economic consequences of the Spanish Reconquest: the long-term effects of Medieval conquest and colonization'],"[{'given': 'Daniel', 'family': 'Oto-Peralías', 'sequence': 'first', 'affiliation': []}, {'given': 'Diego', 'family': 'Romero-Ávila', 'sequence': 'additional', 'affiliation': []}]",Springer Science and Business Media LLC,"{'date-parts': [[2016, 5, 13]], 'date-time': '2016-05-13T15:37:42Z', 'timestamp': 1463153862000}",True
http://dx.doi.org/10.1007/s10887-018-9157-3,['High-school genetic diversity and later-life student outcomes: micro-level evidence from the Wisconsin Longitudinal Study'],"[{'given': 'C. Justin', 'family': 'Cook', 'sequence': 'first', 'affiliation': []}, {'given': 'Jason M.', 'family': 'Fletcher', 'sequence': 'additional', 'affiliation': []}]",Springer Science and Business Media LLC,"{'date-parts': [[2018, 8, 11]], 'date-time': '2018-08-11T06:44:18Z', 'timestamp': 1533969858000}",True
http://dx.doi.org/10.1007/s10887-006-9005-8,['Fertility and development: the roles of schooling and family production'],"[{'given': 'William', 'family': 'Lord', 'sequence': 'first', 'affiliation': []}, {'given': 'Peter', 'family': 'Rangazas', 'sequence': 'additional', 'affiliation': []}]",Springer Science and Business Media LLC,"{'date-parts': [[2006, 10, 27]], 'date-time': '2006-10-27T13:58:18Z', 'timestamp': 1161957498000}",False
http://dx.doi.org/10.1007/s10887-014-9109-5,['The role of lactase persistence in precolonial development'],"[{'given': 'C. Justin', 'family': 'Cook', 'sequence': 'first', 'affiliation': []}]",Springer Science and Business Media LLC,"{'date-parts': [[2014, 10, 7]], 'date-time': '2014-10-07T06:24:44Z', 'timestamp': 1412663084000}",True
http://dx.doi.org/10.1007/s10887-021-09186-x,['The American System of economic growth'],"[{'given': 'Marvin', 'family': 'Goodfriend', 'sequence': 'first', 'affiliation': []}, {'ORCID': 'http://orcid.org/0000-0002-5517-6615', 'authenticated-orcid': False, 'given': 'John', 'family': 'McDermott', 'sequence': 'additional', 'affiliation': []}]",Springer Science and Business Media LLC,"{'date-parts': [[2021, 2, 24]], 'date-time': '2021-02-24T02:02:44Z', 'timestamp': 1614132164000}",False
http://dx.doi.org/10.1007/s10887-006-7407-2,"['Intelligence, Human Capital, and Economic Growth: A Bayesian Averaging of Classical Estimates (BACE) Approach']","[{'given': 'Garett', 'family': 'Jones', 'sequence': 'first', 'affiliation': []}, {'given': 'W. Joel', 'family': 'Schneider', 'sequence': 'additional', 'affiliation': []}]",Springer Science and Business Media LLC,"{'date-parts': [[2006, 3, 27]], 'date-time': '2006-03-27T11:27:05Z', 'timestamp': 1143458825000}",False
http://dx.doi.org/10.1007/s10887-010-9050-1,"['Mortality change, the uncertainty effect, and retirement']","[{'given': 'Sebnem', 'family': 'Kalemli-Ozcan', 'sequence': 'first', 'affiliation': []}, {'given': 'David N.', 'family': 'Weil', 'sequence': 'additional', 'affiliation': []}]",Springer Science and Business Media LLC,"{'date-parts': [[2010, 2, 26]], 'date-time': '2010-02-26T10:08:36Z', 'timestamp': 1267178916000}",False
http://dx.doi.org/10.1007/s10887-020-09185-4,['Disease and demographic development: the legacy of the plague'],"[{'ORCID': 'http://orcid.org/0000-0001-5243-7448', 'authenticated-orcid': False, 'given': 'Fabian', 'family': 'Siuda', 'sequence': 'first', 'affiliation': []}, {'ORCID': 'http://orcid.org/0000-0002-2110-7822', 'authenticated-orcid': False, 'given': 'Uwe', 'family': 'Sunde', 'sequence': 'additional', 'affiliation': []}]",Springer Science and Business Media LLC,"{'date-parts': [[2021, 1, 25]], 'date-time': '2021-01-25T16:07:40Z', 'timestamp': 1611590860000}",True
http://dx.doi.org/10.1007/s10887-013-9099-8,['Inequality and growth: the neglected time dimension'],"[{'given': 'Daniel', 'family': 'Halter', 'sequence': 'first', 'affiliation': []}, {'given': 'Manuel', 'family': 'Oechslin', 'sequence': 'additional', 'affiliation': []}, {'given': 'Josef', 'family': 'Zweimüller', 'sequence': 'additional', 'affiliation': []}]",Springer Science and Business Media LLC,"{'date-parts': [[2013, 12, 5]], 'date-time': '2013-12-05T06:10:45Z', 'timestamp': 1386223845000}",True
http://dx.doi.org/10.1007/s10887-006-7405-4,['The Law of Primogeniture and the Transition from Landed Aristocracy to Industrial Democracy'],"[{'given': 'Graziella', 'family': 'Bertocchi', 'sequence': 'first', 'affiliation': []}]",Springer Science and Business Media LLC,"{'date-parts': [[2006, 3, 27]], 'date-time': '2006-03-27T11:27:05Z', 'timestamp': 1143458825000}",False
http://dx.doi.org/10.1007/s10887-021-09189-8,['Rising inequality and trends in leisure'],"[{'ORCID': 'http://orcid.org/0000-0002-0212-255X', 'authenticated-orcid': False, 'given': 'Timo', 'family': 'Boppart', 'sequence': 'first', 'affiliation': []}, {'given': 'L. Rachel', 'family': 'Ngai', 'sequence': 'additional', 'affiliation': []}]",Springer Science and Business Media LLC,"{'date-parts': [[2021, 3, 30]], 'date-time': '2021-03-30T15:03:34Z', 'timestamp': 1617116614000}",True
http://dx.doi.org/10.1007/s10887-005-1112-4,['Technological Opportunity and Growth'],"[{'given': 'Ola', 'family': 'Olsson', 'sequence': 'first', 'affiliation': []}]",Springer Science and Business Media LLC,"{'date-parts': [[2005, 3, 31]], 'date-time': '2005-03-31T15:54:07Z', 'timestamp': 1112284447000}",False
http://dx.doi.org/10.1007/s10887-015-9122-3,['Premature deindustrialization'],"[{'given': 'Dani', 'family': 'Rodrik', 'sequence': 'first', 'affiliation': []}]",Springer Science and Business Media LLC,"{'date-parts': [[2015, 11, 27]], 'date-time': '2015-11-27T18:32:00Z', 'timestamp': 1448649120000}",False
http://dx.doi.org/10.1007/s10887-019-09172-4,['Does female empowerment promote economic development?'],"[{'ORCID': 'http://orcid.org/0000-0001-8073-6138', 'authenticated-orcid': False, 'given': 'Matthias', 'family': 'Doepke', 'sequence': 'first', 'affiliation': []}, {'given': 'Michèle', 'family': 'Tertilt', 'sequence': 'additional', 'affiliation': []}]",Springer Science and Business Media LLC,"{'date-parts': [[2019, 8, 20]], 'date-time': '2019-08-20T17:02:22Z', 'timestamp': 1566320542000}",True
http://dx.doi.org/10.1007/s10887-005-4735-6,['The Sun Also Rises: Productivity Convergence Between Japan and the USA'],"[{'given': 'Gavin', 'family': 'Cameron', 'sequence': 'first', 'affiliation': []}]",Springer Science and Business Media LLC,"{'date-parts': [[2005, 11, 10]], 'date-time': '2005-11-10T09:40:31Z', 'timestamp': 1131615631000}",False
http://dx.doi.org/10.1007/s10887-007-9017-z,['The modern impact of precolonial centralization in Africa'],"[{'given': 'Nicola', 'family': 'Gennaioli', 'sequence': 'first', 'affiliation': []}, {'given': 'Ilia', 'family': 'Rainer', 'sequence': 'additional', 'affiliation': []}]",Springer Science and Business Media LLC,"{'date-parts': [[2007, 6, 29]], 'date-time': '2007-06-29T17:06:21Z', 'timestamp': 1183136781000}",False
http://dx.doi.org/10.1007/s10887-010-9059-5,['The role of mortality in the transmission of knowledge'],"[{'given': 'Michael', 'family': 'Bar', 'sequence': 'first', 'affiliation': []}, {'given': 'Oksana', 'family': 'Leukhina', 'sequence': 'additional', 'affiliation': []}]",Springer Science and Business Media LLC,"{'date-parts': [[2010, 12, 1]], 'date-time': '2010-12-01T08:49:44Z', 'timestamp': 1291193384000}",False
http://dx.doi.org/10.1007/s10887-010-9056-8,['Pacifying monogamy'],"[{'given': 'Nils-Petter', 'family': 'Lagerlöf', 'sequence': 'first', 'affiliation': []}]",Springer Science and Business Media LLC,"{'date-parts': [[2010, 9, 1]], 'date-time': '2010-09-01T07:40:41Z', 'timestamp': 1283326841000}",False
http://dx.doi.org/10.1007/s10887-019-09166-2,['Culture: persistence and evolution'],"[{'given': 'Francesco', 'family': 'Giavazzi', 'sequence': 'first', 'affiliation': []}, {'ORCID': 'http://orcid.org/0000-0003-0839-5732', 'authenticated-orcid': False, 'given': 'Ivan', 'family': 'Petkov', 'sequence': 'additional', 'affiliation': []}, {'given': 'Fabio', 'family': 'Schiantarelli', 'sequence': 'additional', 'affiliation': []}]",Springer Science and Business Media LLC,"{'date-parts': [[2019, 4, 16]], 'date-time': '2019-04-16T19:41:41Z', 'timestamp': 1555443701000}",True
http://dx.doi.org/10.1007/s10887-005-1668-z,['New Goods and the Transition to a New Economy'],"[{'given': 'Jeremy', 'family': 'Greenwood', 'sequence': 'first', 'affiliation': []}, {'given': 'Gokce', 'family': 'Uysal', 'sequence': 'additional', 'affiliation': []}]",Springer Science and Business Media LLC,"{'date-parts': [[2005, 7, 4]], 'date-time': '2005-07-04T16:17:09Z', 'timestamp': 1120493829000}",False
http://dx.doi.org/10.1007/s10887-017-9148-9,['Human capital and fertility in Chinese clans before modern growth'],"[{'given': 'Carol H.', 'family': 'Shiue', 'sequence': 'first', 'affiliation': []}]",Springer Science and Business Media LLC,"{'date-parts': [[2017, 10, 4]], 'date-time': '2017-10-04T07:45:05Z', 'timestamp': 1507103105000}",True
http://dx.doi.org/10.1007/s10887-013-9101-5,['Sequential R&D and blocking patents in the dynamics of growth'],"[{'given': 'Guido', 'family': 'Cozzi', 'sequence': 'first', 'affiliation': []}, {'given': 'Silvia', 'family': 'Galli', 'sequence': 'additional', 'affiliation': []}]",Springer Science and Business Media LLC,"{'date-parts': [[2013, 12, 24]], 'date-time': '2013-12-24T04:17:47Z', 'timestamp': 1387858667000}",False
http://dx.doi.org/10.1007/s10887-005-4719-6,['Borders and Growth'],"[{'given': 'Enrico', 'family': 'Spolaore', 'sequence': 'first', 'affiliation': []}, {'given': 'Romain', 'family': 'Wacziarg', 'sequence': 'additional', 'affiliation': []}]",Springer Science and Business Media LLC,"{'date-parts': [[2005, 11, 10]], 'date-time': '2005-11-10T04:40:31Z', 'timestamp': 1131597631000}",False
http://dx.doi.org/10.1007/s10887-015-9115-2,['Too much finance?'],"[{'given': 'Jean Louis', 'family': 'Arcand', 'sequence': 'first', 'affiliation': []}, {'given': 'Enrico', 'family': 'Berkes', 'sequence': 'additional', 'affiliation': []}, {'given': 'Ugo', 'family': 'Panizza', 'sequence': 'additional', 'affiliation': []}]",Springer Science and Business Media LLC,"{'date-parts': [[2015, 5, 7]], 'date-time': '2015-05-07T07:27:31Z', 'timestamp': 1430983651000}",True
http://dx.doi.org/10.1007/s10887-017-9143-1,['Labor productivity growth: disentangling technology and capital accumulation'],"[{'given': 'Michele', 'family': 'Battisti', 'sequence': 'first', 'affiliation': []}, {'given': 'Massimo', 'family': 'Del Gatto', 'sequence': 'additional', 'affiliation': []}, {'given': 'Christopher F.', 'family': 'Parmeter', 'sequence': 'additional', 'affiliation': []}]",Springer Science and Business Media LLC,"{'date-parts': [[2017, 4, 19]], 'date-time': '2017-04-19T19:43:39Z', 'timestamp': 1492631019000}",True
http://dx.doi.org/10.1007/s10887-012-9083-8,['Measuring human development: a stochastic dominance approach'],"[{'given': 'Mehmet', 'family': 'Pinar', 'sequence': 'first', 'affiliation': []}, {'given': 'Thanasis', 'family': 'Stengos', 'sequence': 'additional', 'affiliation': []}, {'given': 'Nikolas', 'family': 'Topaloglou', 'sequence': 'additional', 'affiliation': []}]",Springer Science and Business Media LLC,"{'date-parts': [[2012, 7, 11]], 'date-time': '2012-07-11T07:32:19Z', 'timestamp': 1341991939000}",False
http://dx.doi.org/10.1007/s10887-013-9089-x,['Parasitical cultures? The cultural origins of institutions and development'],"[{'given': 'Robbert', 'family': 'Maseland', 'sequence': 'first', 'affiliation': []}]",Springer Science and Business Media LLC,"{'date-parts': [[2013, 4, 18]], 'date-time': '2013-04-18T07:25:44Z', 'timestamp': 1366269944000}",False
http://dx.doi.org/10.1007/s10887-011-9064-3,"['Leisure goods, education attainment and fertility choice']","[{'given': 'Ragchaasuren', 'family': 'Galindev', 'sequence': 'first', 'affiliation': []}]",Springer Science and Business Media LLC,"{'date-parts': [[2011, 5, 7]], 'date-time': '2011-05-07T03:53:52Z', 'timestamp': 1304740432000}",False
http://dx.doi.org/10.1007/s10887-016-9131-x,['Economic reforms and industrial policy in a panel of Chinese cities'],"[{'given': 'Simon', 'family': 'Alder', 'sequence': 'first', 'affiliation': []}, {'given': 'Lin', 'family': 'Shao', 'sequence': 'additional', 'affiliation': []}, {'given': 'Fabrizio', 'family': 'Zilibotti', 'sequence': 'additional', 'affiliation': []}]",Springer Science and Business Media LLC,"{'date-parts': [[2016, 5, 7]], 'date-time': '2016-05-07T14:09:47Z', 'timestamp': 1462630187000}",True
http://dx.doi.org/10.1007/s10887-011-9060-7,"['Flows of people, flows of ideas, and the inequality of nations']","[{'given': 'Thomas Barnebeck', 'family': 'Andersen', 'sequence': 'first', 'affiliation': []}, {'given': 'Carl-Johan', 'family': 'Dalgaard', 'sequence': 'additional', 'affiliation': []}]",Springer Science and Business Media LLC,"{'date-parts': [[2011, 2, 25]], 'date-time': '2011-02-25T01:40:45Z', 'timestamp': 1298598045000}",False
http://dx.doi.org/10.1007/s10887-005-4712-0,['Growth Accelerations'],"[{'given': 'Ricardo', 'family': 'Hausmann', 'sequence': 'first', 'affiliation': []}, {'given': 'Lant', 'family': 'Pritchett', 'sequence': 'additional', 'affiliation': []}, {'given': 'Dani', 'family': 'Rodrik', 'sequence': 'additional', 'affiliation': []}]",Springer Science and Business Media LLC,"{'date-parts': [[2005, 11, 10]], 'date-time': '2005-11-10T09:40:31Z', 'timestamp': 1131615631000}",False
http://dx.doi.org/10.1007/s10887-018-9155-5,"['Trade liberalization, democratization, and technology adoption']","[{'given': 'Matteo', 'family': 'Cervellati', 'sequence': 'first', 'affiliation': []}, {'given': 'Alireza', 'family': 'Naghavi', 'sequence': 'additional', 'affiliation': []}, {'given': 'Farid', 'family': 'Toubal', 'sequence': 'additional', 'affiliation': []}]",Springer Science and Business Media LLC,"{'date-parts': [[2018, 4, 23]], 'date-time': '2018-04-23T04:46:30Z', 'timestamp': 1524458790000}",True
http://dx.doi.org/10.1007/s10887-017-9144-0,['Does European development have Roman roots? Evidence from the German Limes'],"[{'ORCID': 'http://orcid.org/0000-0002-3479-7762', 'authenticated-orcid': False, 'given': 'Fabian', 'family': 'Wahl', 'sequence': 'first', 'affiliation': []}]",Springer Science and Business Media LLC,"{'date-parts': [[2017, 7, 14]], 'date-time': '2017-07-14T08:24:48Z', 'timestamp': 1500020688000}",True
http://dx.doi.org/10.1007/s10887-007-9019-x,['Inequality and mobility'],"[{'given': 'John', 'family': 'Hassler', 'sequence': 'first', 'affiliation': []}, {'given': 'José V.', 'family': 'Rodríguez Mora', 'sequence': 'additional', 'affiliation': []}, {'given': 'Joseph', 'family': 'Zeira', 'sequence': 'additional', 'affiliation': []}]",Springer Science and Business Media LLC,"{'date-parts': [[2007, 8, 22]], 'date-time': '2007-08-22T17:26:59Z', 'timestamp': 1187803619000}",False
http://dx.doi.org/10.1007/s10887-018-9160-8,['Why did rich families increase their fertility? Inequality and marketization of child care'],"[{'given': 'Michael', 'family': 'Bar', 'sequence': 'first', 'affiliation': []}, {'ORCID': 'http://orcid.org/0000-0002-5459-5455', 'authenticated-orcid': False, 'given': 'Moshe', 'family': 'Hazan', 'sequence': 'additional', 'affiliation': []}, {'given': 'Oksana', 'family': 'Leukhina', 'sequence': 'additional', 'affiliation': []}, {'given': 'David', 'family': 'Weiss', 'sequence': 'additional', 'affiliation': []}, {'given': 'Hosny', 'family': 'Zoabi', 'sequence': 'additional', 'affiliation': []}]",Springer Science and Business Media LLC,"{'date-parts': [[2018, 11, 8]], 'date-time': '2018-11-08T11:46:42Z', 'timestamp': 1541677602000}",True
http://dx.doi.org/10.1007/s10887-009-9044-z,['Mapping prices into productivity in multisector growth models'],"[{'given': 'L. Rachel', 'family': 'Ngai', 'sequence': 'first', 'affiliation': []}, {'given': 'Roberto M.', 'family': 'Samaniego', 'sequence': 'additional', 'affiliation': []}]",Springer Science and Business Media LLC,"{'date-parts': [[2009, 9, 21]], 'date-time': '2009-09-21T08:36:02Z', 'timestamp': 1253522162000}",False
http://dx.doi.org/10.1007/s10887-018-9159-1,['Agricultural productivity and economic development: the contribution of clover to structural transformation in Denmark'],"[{'given': 'Torben', 'family': 'Dall Schmidt', 'sequence': 'first', 'affiliation': []}, {'given': 'Peter Sandholt', 'family': 'Jensen', 'sequence': 'additional', 'affiliation': []}, {'given': 'Amber', 'family': 'Naz', 'sequence': 'additional', 'affiliation': []}]",Springer Science and Business Media LLC,"{'date-parts': [[2018, 8, 30]], 'date-time': '2018-08-30T08:09:39Z', 'timestamp': 1535616579000}",True
http://dx.doi.org/10.1007/s10887-013-9088-y,['Federal regulation and aggregate economic growth'],"[{'given': 'John W.', 'family': 'Dawson', 'sequence': 'first', 'affiliation': []}, {'given': 'John J.', 'family': 'Seater', 'sequence': 'additional', 'affiliation': []}]",Springer Science and Business Media LLC,"{'date-parts': [[2013, 3, 20]], 'date-time': '2013-03-20T04:29:56Z', 'timestamp': 1363753796000}",True
http://dx.doi.org/10.1007/s10887-011-9075-0,['The roots of ethnic diversity'],"[{'given': 'Pelle', 'family': 'Ahlerup', 'sequence': 'first', 'affiliation': []}, {'given': 'Ola', 'family': 'Olsson', 'sequence': 'additional', 'affiliation': []}]",Springer Science and Business Media LLC,"{'date-parts': [[2011, 11, 9]], 'date-time': '2011-11-09T14:42:46Z', 'timestamp': 1320849766000}",False
http://dx.doi.org/10.1007/s10887-011-9069-y,['On the link between volatility and growth'],"[{'given': 'Olaf', 'family': 'Posch', 'sequence': 'first', 'affiliation': []}, {'given': 'Klaus', 'family': 'Wälde', 'sequence': 'additional', 'affiliation': []}]",Springer Science and Business Media LLC,"{'date-parts': [[2011, 9, 8]], 'date-time': '2011-09-08T16:29:15Z', 'timestamp': 1315499355000}",False
http://dx.doi.org/10.1007/s10887-015-9113-4,['National income and its distribution'],"[{'given': 'Markus', 'family': 'Brueckner', 'sequence': 'first', 'affiliation': []}, {'given': 'Era', 'family': 'Dabla Norris', 'sequence': 'additional', 'affiliation': []}, {'given': 'Mark', 'family': 'Gradstein', 'sequence': 'additional', 'affiliation': []}]",Springer Science and Business Media LLC,"{'date-parts': [[2015, 3, 13]], 'date-time': '2015-03-13T11:41:55Z', 'timestamp': 1426246915000}",True
http://dx.doi.org/10.1007/s10887-010-9058-6,['The Galor–Weil gender-gap model revisited: from home to market'],"[{'given': 'Masako', 'family': 'Kimura', 'sequence': 'first', 'affiliation': []}, {'given': 'Daishin', 'family': 'Yasui', 'sequence': 'additional', 'affiliation': []}]",Springer Science and Business Media LLC,"{'date-parts': [[2010, 10, 26]], 'date-time': '2010-10-26T07:41:22Z', 'timestamp': 1288078882000}",False
http://dx.doi.org/10.1007/s10887-011-9066-1,"['Innovations, patent races and endogenous growth']","[{'given': 'Joseph', 'family': 'Zeira', 'sequence': 'first', 'affiliation': []}]",Springer Science and Business Media LLC,"{'date-parts': [[2011, 5, 11]], 'date-time': '2011-05-11T02:08:07Z', 'timestamp': 1305079687000}",False
http://dx.doi.org/10.1007/s10887-019-09167-1,['Negative shocks and mass persecutions: evidence from the Black Death'],"[{'given': 'Remi', 'family': 'Jedwab', 'sequence': 'first', 'affiliation': []}, {'given': 'Noel D.', 'family': 'Johnson', 'sequence': 'additional', 'affiliation': []}, {'given': 'Mark', 'family': 'Koyama', 'sequence': 'additional', 'affiliation': []}]",Springer Science and Business Media LLC,"{'date-parts': [[2019, 5, 24]], 'date-time': '2019-05-24T17:38:54Z', 'timestamp': 1558719534000}",True
http://dx.doi.org/10.1007/s10887-013-9094-0,['Malthus in cointegration space: evidence of a post-Malthusian pre-industrial England'],"[{'given': 'Niels Framroze', 'family': 'Møller', 'sequence': 'first', 'affiliation': []}, {'given': 'Paul', 'family': 'Sharp', 'sequence': 'additional', 'affiliation': []}]",Springer Science and Business Media LLC,"{'date-parts': [[2013, 9, 2]], 'date-time': '2013-09-02T07:33:22Z', 'timestamp': 1378107202000}",False
http://dx.doi.org/10.1007/s10887-013-9093-1,['Seeds of distrust: conflict in Uganda'],"[{'given': 'Dominic', 'family': 'Rohner', 'sequence': 'first', 'affiliation': []}, {'given': 'Mathias', 'family': 'Thoenig', 'sequence': 'additional', 'affiliation': []}, {'given': 'Fabrizio', 'family': 'Zilibotti', 'sequence': 'additional', 'affiliation': []}]",Springer Science and Business Media LLC,"{'date-parts': [[2013, 8, 5]], 'date-time': '2013-08-05T07:12:48Z', 'timestamp': 1375686768000}",True
http://dx.doi.org/10.1007/s10887-013-9090-4,"['How important are human capital, physical capital and total factor productivity for determining state economic growth in the United States, 1840–2000?']","[{'given': 'Chad', 'family': 'Turner', 'sequence': 'first', 'affiliation': []}, {'given': 'Robert', 'family': 'Tamura', 'sequence': 'additional', 'affiliation': []}, {'given': 'Sean E.', 'family': 'Mulholland', 'sequence': 'additional', 'affiliation': []}]",Springer Science and Business Media LLC,"{'date-parts': [[2013, 5, 16]], 'date-time': '2013-05-16T08:09:57Z', 'timestamp': 1368691797000}",False
http://dx.doi.org/10.1007/s10887-013-9092-2,['Can specific policy indicators identify reform priorities?'],"[{'given': 'Aart', 'family': 'Kraay', 'sequence': 'first', 'affiliation': []}, {'given': 'Norikazu', 'family': 'Tawara', 'sequence': 'additional', 'affiliation': []}]",Springer Science and Business Media LLC,"{'date-parts': [[2013, 6, 17]], 'date-time': '2013-06-17T06:34:14Z', 'timestamp': 1371450854000}",True
http://dx.doi.org/10.1007/s10887-009-9045-y,['The dual economy in long-run development'],"[{'given': 'Dietrich', 'family': 'Vollrath', 'sequence': 'first', 'affiliation': []}]",Springer Science and Business Media LLC,"{'date-parts': [[2009, 10, 9]], 'date-time': '2009-10-09T14:54:08Z', 'timestamp': 1255100048000}",False
http://dx.doi.org/10.1007/s10887-020-09174-7,['The imperial roots of global trade'],"[{'given': 'Gunes', 'family': 'Gokmen', 'sequence': 'first', 'affiliation': []}, {'given': 'Wessel N.', 'family': 'Vermeulen', 'sequence': 'additional', 'affiliation': []}, {'ORCID': 'http://orcid.org/0000-0002-4697-2484', 'authenticated-orcid': False, 'given': 'Pierre-Louis', 'family': 'Vézina', 'sequence': 'additional', 'affiliation': []}]",Springer Science and Business Media LLC,"{'date-parts': [[2020, 2, 8]], 'date-time': '2020-02-08T01:02:15Z', 'timestamp': 1581123735000}",False
http://dx.doi.org/10.1007/s10887-014-9102-z,"['Violence and economic activity: evidence from African American patents, 1870–1940']","[{'given': 'Lisa D.', 'family': 'Cook', 'sequence': 'first', 'affiliation': []}]",Springer Science and Business Media LLC,"{'date-parts': [[2014, 5, 9]], 'date-time': '2014-05-09T17:51:18Z', 'timestamp': 1399657878000}",True
http://dx.doi.org/10.1007/s10887-016-9137-4,['The effect of aid on growth: evidence from a Quasi-experiment'],"[{'given': 'Sebastian', 'family': 'Galiani', 'sequence': 'first', 'affiliation': []}, {'given': 'Stephen', 'family': 'Knack', 'sequence': 'additional', 'affiliation': []}, {'given': 'Lixin Colin', 'family': 'Xu', 'sequence': 'additional', 'affiliation': []}, {'given': 'Ben', 'family': 'Zou', 'sequence': 'additional', 'affiliation': []}]",Springer Science and Business Media LLC,"{'date-parts': [[2016, 9, 2]], 'date-time': '2016-09-02T11:48:38Z', 'timestamp': 1472816918000}",True
http://dx.doi.org/10.1007/s10887-014-9106-8,['The two sides of envy'],"[{'given': 'Boris', 'family': 'Gershman', 'sequence': 'first', 'affiliation': []}]",Springer Science and Business Media LLC,"{'date-parts': [[2014, 7, 31]], 'date-time': '2014-07-31T21:33:03Z', 'timestamp': 1406842383000}",True
http://dx.doi.org/10.1007/s10887-020-09181-8,['The bounty of the sea and long-run development'],"[{'given': 'Carl-Johan', 'family': 'Dalgaard', 'sequence': 'first', 'affiliation': []}, {'given': 'Anne Sofie B.', 'family': 'Knudsen', 'sequence': 'additional', 'affiliation': []}, {'ORCID': 'http://orcid.org/0000-0002-7248-7087', 'authenticated-orcid': False, 'given': 'Pablo', 'family': 'Selaya', 'sequence': 'additional', 'affiliation': []}]",Springer Science and Business Media LLC,"{'date-parts': [[2020, 8, 17]], 'date-time': '2020-08-17T09:03:40Z', 'timestamp': 1597655020000}",True
http://dx.doi.org/10.1007/s10887-007-9024-0,['Semi-endogenous versus Schumpeterian growth models: testing the knowledge production function using international data'],"[{'given': 'Jakob B.', 'family': 'Madsen', 'sequence': 'first', 'affiliation': []}]",Springer Science and Business Media LLC,"{'date-parts': [[2007, 12, 18]], 'date-time': '2007-12-18T15:47:29Z', 'timestamp': 1197992849000}",False
http://dx.doi.org/10.1007/s10887-015-9123-2,['A tale of minorities: evidence on religious ethics and entrepreneurship'],"[{'given': 'Luca', 'family': 'Nunziata', 'sequence': 'first', 'affiliation': []}, {'given': 'Lorenzo', 'family': 'Rocco', 'sequence': 'additional', 'affiliation': []}]",Springer Science and Business Media LLC,"{'date-parts': [[2016, 1, 20]], 'date-time': '2016-01-20T21:01:00Z', 'timestamp': 1453323660000}",True
http://dx.doi.org/10.1007/s10887-018-9156-4,['Inequality and economic growth: the role of initial income'],"[{'given': 'Markus', 'family': 'Brueckner', 'sequence': 'first', 'affiliation': []}, {'given': 'Daniel', 'family': 'Lederman', 'sequence': 'additional', 'affiliation': []}]",Springer Science and Business Media LLC,"{'date-parts': [[2018, 5, 10]], 'date-time': '2018-05-10T16:39:24Z', 'timestamp': 1525970364000}",True
http://dx.doi.org/10.1007/s10887-016-9129-4,['Military conflict and the rise of urban Europe'],"[{'given': 'Mark', 'family': 'Dincecco', 'sequence': 'first', 'affiliation': []}, {'given': 'Massimiliano Gaetano', 'family': 'Onorato', 'sequence': 'additional', 'affiliation': []}]",Springer Science and Business Media LLC,"{'date-parts': [[2016, 3, 30]], 'date-time': '2016-03-30T18:21:58Z', 'timestamp': 1459362118000}",True
http://dx.doi.org/10.1007/s10887-013-9100-6,['The democratic transition'],"[{'given': 'Fabrice', 'family': 'Murtin', 'sequence': 'first', 'affiliation': []}, {'given': 'Romain', 'family': 'Wacziarg', 'sequence': 'additional', 'affiliation': []}]",Springer Science and Business Media LLC,"{'date-parts': [[2013, 12, 16]], 'date-time': '2013-12-16T05:52:56Z', 'timestamp': 1387173176000}",True
http://dx.doi.org/10.1007/s10887-020-09183-6,['Was the post-1870 fertility transition a key contributor to growth in the West in the twentieth century?'],"[{'given': 'Jakob B.', 'family': 'Madsen', 'sequence': 'first', 'affiliation': []}, {'given': 'Md. Rabiul', 'family': 'Islam', 'sequence': 'additional', 'affiliation': []}, {'given': 'Xueli', 'family': 'Tang', 'sequence': 'additional', 'affiliation': []}]",Springer Science and Business Media LLC,"{'date-parts': [[2020, 9, 18]], 'date-time': '2020-09-18T19:02:31Z', 'timestamp': 1600455751000}",True
http://dx.doi.org/10.1007/s10887-017-9152-0,['State history and economic development: evidence from six millennia'],"[{'given': 'Oana', 'family': 'Borcan', 'sequence': 'first', 'affiliation': []}, {'ORCID': 'http://orcid.org/0000-0003-2125-2672', 'authenticated-orcid': False, 'given': 'Ola', 'family': 'Olsson', 'sequence': 'additional', 'affiliation': []}, {'given': 'Louis', 'family': 'Putterman', 'sequence': 'additional', 'affiliation': []}]",Springer Science and Business Media LLC,"{'date-parts': [[2017, 12, 8]], 'date-time': '2017-12-08T18:55:18Z', 'timestamp': 1512759318000}",True
http://dx.doi.org/10.1007/s10887-007-9018-y,"['Prizes for basic research: Human capital, economic might and the shadow of history']","[{'given': 'Joshua', 'family': 'Aizenman', 'sequence': 'first', 'affiliation': []}, {'given': 'Ilan', 'family': 'Noy', 'sequence': 'additional', 'affiliation': []}]",Springer Science and Business Media LLC,"{'date-parts': [[2007, 8, 14]], 'date-time': '2007-08-14T15:22:36Z', 'timestamp': 1187104956000}",False
http://dx.doi.org/10.1007/s10887-009-9037-y,['Volatility and firm growth'],"[{'given': 'Alberto', 'family': 'Chong', 'sequence': 'first', 'affiliation': []}, {'given': 'Mark', 'family': 'Gradstein', 'sequence': 'additional', 'affiliation': []}]",Springer Science and Business Media LLC,"{'date-parts': [[2009, 2, 27]], 'date-time': '2009-02-27T12:35:16Z', 'timestamp': 1235738116000}",False
http://dx.doi.org/10.1007/s10887-005-3534-4,['Institutions and Development: The Interaction Between Trade Regime and Political System'],"[{'given': 'Josef', 'family': 'Falkinger', 'sequence': 'first', 'affiliation': []}, {'given': 'Volker', 'family': 'Grossmann', 'sequence': 'additional', 'affiliation': []}]",Springer Science and Business Media LLC,"{'date-parts': [[2005, 9, 8]], 'date-time': '2005-09-08T12:08:54Z', 'timestamp': 1126181334000}",False
http://dx.doi.org/10.1007/s10887-012-9078-5,['Investing in public investment: an index of public investment efficiency'],"[{'given': 'Era', 'family': 'Dabla-Norris', 'sequence': 'first', 'affiliation': []}, {'given': 'Jim', 'family': 'Brumby', 'sequence': 'additional', 'affiliation': []}, {'given': 'Annette', 'family': 'Kyobe', 'sequence': 'additional', 'affiliation': []}, {'given': 'Zac', 'family': 'Mills', 'sequence': 'additional', 'affiliation': []}, {'given': 'Chris', 'family': 'Papageorgiou', 'sequence': 'additional', 'affiliation': []}]",Springer Science and Business Media LLC,"{'date-parts': [[2012, 3, 22]], 'date-time': '2012-03-22T17:41:37Z', 'timestamp': 1332438097000}",False
http://dx.doi.org/10.1007/s10887-014-9105-9,['Growth in regions'],"[{'given': 'Nicola', 'family': 'Gennaioli', 'sequence': 'first', 'affiliation': []}, {'given': 'Rafael', 'family': 'La Porta', 'sequence': 'additional', 'affiliation': []}, {'given': 'Florencio', 'family': 'Lopez De Silanes', 'sequence': 'additional', 'affiliation': []}, {'given': 'Andrei', 'family': 'Shleifer', 'sequence': 'additional', 'affiliation': []}]",Springer Science and Business Media LLC,"{'date-parts': [[2014, 7, 14]], 'date-time': '2014-07-14T02:28:21Z', 'timestamp': 1405304901000}",True
http://dx.doi.org/10.1007/s10887-013-9095-z,['Catch-up and fall-back through innovation and imitation'],"[{'given': 'Jess', 'family': 'Benhabib', 'sequence': 'first', 'affiliation': []}, {'given': 'Jesse', 'family': 'Perla', 'sequence': 'additional', 'affiliation': []}, {'given': 'Christopher', 'family': 'Tonetti', 'sequence': 'additional', 'affiliation': []}]",Springer Science and Business Media LLC,"{'date-parts': [[2013, 10, 17]], 'date-time': '2013-10-17T04:54:38Z', 'timestamp': 1381985678000}",True
